,1st_ace_percentage,1st_serve_percentage,1st_velocity,2nd_velocity,ad_percentage,deuce_percentage,double_fault_percentage,gender,opponent,player,points_won,serve_win_percentage,surface,tournament
0,0.18518518518518517,0.48214285714285715,113.37037037037037,85.5925925925926,0.5,0.5,0.03571428571428571,M,Illya Marchenko,Andy Murray,115,0.625,hard,aus
1,0.09433962264150944,0.5353535353535354,118.94339622641509,96.95,0.3888888888888889,0.6111111111111112,0.06060606060606061,M,Andy Murray,Illya Marchenko,96,0.5454545454545454,hard,aus
2,0.25,0.5352112676056338,0.0,0.0,0.5,0.5,0.04225352112676056,M,Yen Hsun Lu,Andrey Rublev,137,0.647887323943662,hard,aus
3,0.23076923076923078,0.5555555555555556,0.0,0.0,0.4166666666666667,0.5833333333333334,0.05982905982905983,M,Andrey Rublev,Yen Hsun Lu,122,0.6153846153846154,hard,aus
4,0.125,0.5748502994011976,100.09375,85.609375,0.5050505050505051,0.494949494949495,0.041916167664670656,M,Gerald Melzer,Alex De Minaur,166,0.592814371257485,hard,aus
5,0.0380952380952381,0.6687898089171974,107.05714285714286,93.47826086956522,0.5222222222222223,0.4777777777777778,0.03821656050955414,M,Alex De Minaur,Gerald Melzer,158,0.5732484076433121,hard,aus
6,0.23595505617977527,0.5894039735099338,113.89887640449439,93.9622641509434,0.48484848484848486,0.5151515151515151,0.059602649006622516,M,Sam Querrey,Quentin Halys,137,0.6556291390728477,hard,aus
7,0.38271604938271603,0.6090225563909775,119.34567901234568,97.47619047619048,0.4842105263157895,0.5157894736842106,0.07518796992481203,M,Quentin Halys,Sam Querrey,147,0.7142857142857143,hard,aus
8,0.4050632911392405,0.7117117117117117,0.0,0.0,0.4827586206896552,0.5172413793103449,0.05405405405405406,M,Konstantin Kravchuk,John Isner,123,0.7837837837837838,hard,aus
9,0.24324324324324326,0.6607142857142857,0.0,0.0,0.5263157894736842,0.47368421052631576,0.03571428571428571,M,John Isner,Konstantin Kravchuk,100,0.6785714285714286,hard,aus
10,0.05660377358490566,0.5353535353535354,0.0,0.0,0.4642857142857143,0.5357142857142857,0.04040404040404041,M,Mischa Zverev,Guillermo Garcia Lopez,92,0.5656565656565656,hard,aus
11,0.11594202898550725,0.69,0.0,0.0,0.453125,0.546875,0.02,M,Guillermo Garcia Lopez,Mischa Zverev,107,0.64,hard,aus
12,0.3,0.5263157894736842,0.0,0.0,0.532258064516129,0.46774193548387094,0.09473684210526316,M,Lucas Pouille,Alexander Bublik,103,0.6526315789473685,hard,aus
13,0.10909090909090909,0.5789473684210527,0.0,0.0,0.48148148148148145,0.5185185185185185,0.07368421052631578,M,Alexander Bublik,Lucas Pouille,87,0.5684210526315789,hard,aus
14,0.2,0.45454545454545453,119.1,94.6,0.47058823529411764,0.5294117647058824,0.09090909090909091,M,Luca Vanni,Tomas Berdych,33,0.7727272727272727,hard,aus
15,0.058823529411764705,0.6071428571428571,117.6470588235294,92.75,0.75,0.25,0.10714285714285714,M,Tomas Berdych,Luca Vanni,17,0.42857142857142855,hard,aus
16,0.16326530612244897,0.6363636363636364,0.0,0.0,0.5192307692307693,0.4807692307692308,0.03896103896103896,M,Nicolas Mahut,Ryan Harrison,98,0.6753246753246753,hard,aus
17,0.017857142857142856,0.5894736842105263,0.0,0.0,0.5102040816326531,0.4897959183673469,0.05263157894736842,M,Ryan Harrison,Nicolas Mahut,74,0.5157894736842106,hard,aus
18,0.04819277108433735,0.7477477477477478,105.62650602409639,92.85185185185185,0.43548387096774194,0.5645161290322581,0.009009009009009009,M,Roger Federer,Jurgen Melzer,94,0.5585585585585585,hard,aus
19,0.25757575757575757,0.6407766990291263,114.48484848484848,96.38888888888889,0.4647887323943662,0.5352112676056338,0.009708737864077669,M,Jurgen Melzer,Roger Federer,120,0.6893203883495146,hard,aus
20,0.2441860465116279,0.5695364238410596,0.0,0.0,0.5789473684210527,0.42105263157894735,0.0728476821192053,M,Lukas Lacko,Albert Ramos Vinolas,141,0.6291390728476821,hard,aus
21,0.19767441860465115,0.6142857142857143,0.0,0.0,0.46808510638297873,0.5319148936170213,0.02857142857142857,M,Albert Ramos Vinolas,Lukas Lacko,150,0.6714285714285714,hard,aus
22,0.0641025641025641,0.5492957746478874,110.43589743589743,90.1,0.4936708860759494,0.5063291139240507,0.028169014084507043,M,Kei Nishikori,Andrey Kuznetsov,136,0.5563380281690141,hard,aus
23,0.11224489795918367,0.620253164556962,104.20408163265306,85.16666666666667,0.48514851485148514,0.5148514851485149,0.0,M,Andrey Kuznetsov,Kei Nishikori,164,0.6392405063291139,hard,aus
24,0.20588235294117646,0.6375,115.49019607843137,95.73076923076923,0.5238095238095238,0.47619047619047616,0.0375,M,Martin Klizan,Stan Wawrinka,161,0.65625,hard,aus
25,0.05,0.7643312101910829,104.33333333333333,91.88571428571429,0.5346534653465347,0.46534653465346537,0.012738853503184714,M,Stan Wawrinka,Martin Klizan,156,0.643312101910828,hard,aus
26,0.04081632653061224,0.5764705882352941,0.0,0.0,0.4807692307692308,0.5192307692307693,0.058823529411764705,M,Steve Johnson,Federico Delbonis,68,0.611764705882353,hard,aus
27,0.3488372093023256,0.5443037974683544,0.0,0.0,0.5396825396825397,0.4603174603174603,0.012658227848101266,M,Federico Delbonis,Steve Johnson,96,0.7974683544303798,hard,aus
28,0.08450704225352113,0.5,111.45070422535211,93.625,0.4945054945054945,0.5054945054945055,0.04929577464788732,M,Paolo Lorenzi,James Duckworth,138,0.6408450704225352,hard,aus
29,0.12345679012345678,0.574468085106383,110.35802469135803,87.38181818181818,0.5425531914893617,0.4574468085106383,0.03546099290780142,M,James Duckworth,Paolo Lorenzi,145,0.6666666666666666,hard,aus
30,0.012345679012345678,0.5625,0.0,0.0,0.5340909090909091,0.4659090909090909,0.05555555555555555,M,Viktor Troicki,Damir Dzumhur,129,0.6111111111111112,hard,aus
31,0.17721518987341772,0.6422764227642277,0.0,0.0,0.5121951219512195,0.4878048780487805,0.016260162601626018,M,Damir Dzumhur,Viktor Troicki,138,0.6666666666666666,hard,aus
32,0.11363636363636363,0.55,0.0,0.0,0.5263157894736842,0.47368421052631576,0.075,M,Diego Schwartzman,Pablo Cuevas,58,0.475,hard,aus
33,0.11904761904761904,0.5833333333333334,0.0,0.0,0.5384615384615384,0.46153846153846156,0.05555555555555555,M,Pablo Cuevas,Diego Schwartzman,94,0.7222222222222222,hard,aus
34,0.05172413793103448,0.6373626373626373,102.22413793103448,84.18181818181819,0.48484848484848486,0.5151515151515151,0.0,M,Sam Groth,Steve Darcis,113,0.7252747252747253,hard,aus
35,0.2698412698412698,0.5478260869565217,122.33333333333333,102.5909090909091,0.4264705882352941,0.5735294117647058,0.06956521739130435,M,Steve Darcis,Sam Groth,93,0.591304347826087,hard,aus
36,0.18823529411764706,0.5743243243243243,0.0,0.0,0.504950495049505,0.49504950495049505,0.05405405405405406,M,Andreas Seppi,Paul Henri Mathieu,147,0.6824324324324325,hard,aus
37,0.35106382978723405,0.5911949685534591,0.0,0.0,0.504424778761062,0.49557522123893805,0.0440251572327044,M,Paul Henri Mathieu,Andreas Seppi,160,0.710691823899371,hard,aus
38,0.11764705882352941,0.5074626865671642,115.3529411764706,86.73333333333333,0.5151515151515151,0.48484848484848486,0.04477611940298507,M,Nick Kyrgios,Gastao Elias,46,0.4925373134328358,hard,aus
39,0.1891891891891892,0.578125,121.1891891891892,106.75,0.47058823529411764,0.5294117647058824,0.046875,M,Gastao Elias,Nick Kyrgios,85,0.796875,hard,aus
40,0.3877551020408163,0.47572815533980584,114.91836734693878,87.40816326530613,0.4675324675324675,0.5324675324675324,0.04854368932038835,M,Thiago Monteiro,Jo Wilfried Tsonga,125,0.7475728155339806,hard,aus
41,0.06666666666666667,0.5405405405405406,114.15,90.0,0.5396825396825397,0.4603174603174603,0.07207207207207207,M,Jo Wilfried Tsonga,Thiago Monteiro,89,0.5675675675675675,hard,aus
42,0.07017543859649122,0.59375,0.0,0.0,0.4406779661016949,0.559322033898305,0.041666666666666664,M,Stephane Robert,Dusan Lajovic,107,0.6145833333333334,hard,aus
43,0.037037037037037035,0.54,0.0,0.0,0.5961538461538461,0.40384615384615385,0.05,M,Dusan Lajovic,Stephane Robert,89,0.52,hard,aus
44,0.42105263157894735,0.5984251968503937,0.0,0.0,0.5217391304347826,0.4782608695652174,0.031496062992125984,M,Adrian Mannarino,Karen Khachanov,139,0.7244094488188977,hard,aus
45,0.08888888888888889,0.6382978723404256,0.0,0.0,0.48936170212765956,0.5106382978723404,0.0070921985815602835,M,Karen Khachanov,Adrian Mannarino,129,0.6666666666666666,hard,aus
46,0.20588235294117646,0.6538461538461539,112.8970588235294,93.34375,0.5846153846153846,0.4153846153846154,0.038461538461538464,M,Jack Sock,Pierre Hugues Herbert,99,0.625,hard,aus
47,0.14492753623188406,0.6571428571428571,114.08695652173913,103.7,0.49295774647887325,0.5070422535211268,0.05714285714285714,M,Pierre Hugues Herbert,Jack Sock,110,0.6761904761904762,hard,aus
48,0.25,0.6285714285714286,108.88636363636364,90.95833333333333,0.5178571428571429,0.48214285714285715,0.02857142857142857,M,Thomaz Bellucci,Bernard Tomic,94,0.8,hard,aus
49,0.18867924528301888,0.6385542168674698,107.9622641509434,86.5925925925926,0.5333333333333333,0.4666666666666667,0.03614457831325301,M,Bernard Tomic,Thomaz Bellucci,59,0.5421686746987951,hard,aus
50,0.04040404040404041,0.6923076923076923,0.0,0.0,0.46987951807228917,0.5301204819277109,0.04195804195804196,M,Aljaz Bedene,Victor Estrella Burgos,136,0.5804195804195804,hard,aus
51,0.0958904109589041,0.5407407407407407,0.0,0.0,0.524390243902439,0.47560975609756095,0.05925925925925926,M,Victor Estrella Burgos,Aljaz Bedene,142,0.6074074074074074,hard,aus
52,0.22,0.5319148936170213,0.0,0.0,0.4230769230769231,0.5769230769230769,0.0425531914893617,M,Daniel Evans,Facundo Bagnis,75,0.5531914893617021,hard,aus
53,0.2641509433962264,0.6022727272727273,0.0,0.0,0.5538461538461539,0.4461538461538462,0.03409090909090909,M,Facundo Bagnis,Daniel Evans,107,0.7386363636363636,hard,aus
54,0.17391304347826086,0.6618705035971223,115.45652173913044,86.53846153846153,0.5176470588235295,0.4823529411764706,0.05755395683453238,M,Marin Cilic,Jerzy Janowicz,121,0.6115107913669064,hard,aus
55,0.33783783783783783,0.5736434108527132,119.36486486486487,95.93478260869566,0.5053763440860215,0.4946236559139785,0.06976744186046512,M,Jerzy Janowicz,Marin Cilic,147,0.7209302325581395,hard,aus
56,0.11764705882352941,0.4788732394366197,101.58823529411765,95.52941176470588,0.5471698113207547,0.4528301886792453,0.04225352112676056,M,Jiri Vesely,Gael Monfils,89,0.7464788732394366,hard,aus
57,0.0425531914893617,0.6266666666666667,117.59574468085107,104.7,0.5128205128205128,0.48717948717948717,0.10666666666666667,M,Gael Monfils,Jiri Vesely,57,0.52,hard,aus
58,0.18666666666666668,0.5681818181818182,0.0,0.0,0.45977011494252873,0.5402298850574713,0.06818181818181818,M,Borna Coric,Alexandr Dolgopolov,139,0.6590909090909091,hard,aus
59,0.1375,0.5970149253731343,0.0,0.0,0.524390243902439,0.47560975609756095,0.05223880597014925,M,Alexandr Dolgopolov,Borna Coric,127,0.6119402985074627,hard,aus
60,0.021052631578947368,0.6934306569343066,0.0,0.0,0.4588235294117647,0.5411764705882353,0.014598540145985401,M,Philipp Kohlschreiber,Nikoloz Basilashvili,120,0.6204379562043796,hard,aus
61,0.16666666666666666,0.5789473684210527,0.0,0.0,0.4936708860759494,0.5063291139240507,0.03508771929824561,M,Nikoloz Basilashvili,Philipp Kohlschreiber,131,0.6929824561403509,hard,aus
62,0.18478260869565216,0.6388888888888888,123.97826086956522,97.64285714285714,0.4946236559139785,0.5053763440860215,0.06944444444444445,M,Robin Haase,Alexander Zverev,149,0.6458333333333334,hard,aus
63,0.16049382716049382,0.5785714285714286,116.65432098765432,99.5625,0.5119047619047619,0.4880952380952381,0.07857142857142857,M,Alexander Zverev,Robin Haase,135,0.6,hard,aus
64,0.03225806451612903,0.6326530612244898,0.0,0.0,0.48,0.52,0.04081632653061224,M,Marcos Baghdatis,Mikhail Youzhny,35,0.5102040816326531,hard,aus
65,0.23529411764705882,0.4722222222222222,0.0,0.0,0.46153846153846156,0.5384615384615384,0.027777777777777776,M,Mikhail Youzhny,Marcos Baghdatis,50,0.7222222222222222,hard,aus
66,0.10606060606060606,0.6470588235294118,112.3030303030303,87.62857142857143,0.5079365079365079,0.49206349206349204,0.00980392156862745,M,Rafael Nadal,Florian Mayer,79,0.6176470588235294,hard,aus
67,0.09433962264150944,0.6973684210526315,113.32075471698113,96.21739130434783,0.48333333333333334,0.5166666666666667,0.0,M,Florian Mayer,Rafael Nadal,99,0.7894736842105263,hard,aus
68,0.15789473684210525,0.6333333333333333,108.52631578947368,89.19047619047619,0.4489795918367347,0.5510204081632653,0.016666666666666666,M,Guido Pella,Roberto Bautista Agut,85,0.8166666666666667,hard,aus
69,0.125,0.5970149253731343,111.425,89.27272727272727,0.5161290322580645,0.4838709677419355,0.07462686567164178,M,Roberto Bautista Agut,Guido Pella,42,0.4626865671641791,hard,aus
70,0.014925373134328358,0.5826086956521739,100.2089552238806,79.61363636363636,0.5694444444444444,0.4305555555555556,0.034782608695652174,M,Alex Bolt,Yoshihito Nishioka,120,0.6260869565217392,hard,aus
71,0.2638888888888889,0.6101694915254238,108.375,90.14634146341463,0.5428571428571428,0.45714285714285713,0.0423728813559322,M,Yoshihito Nishioka,Alex Bolt,113,0.5932203389830508,hard,aus
72,0.1518987341772152,0.5851851851851851,0.0,0.0,0.5,0.5,0.06666666666666667,M,Ernesto Escobedo,Daniil Medvedev,125,0.6666666666666666,hard,aus
73,0.1323529411764706,0.5573770491803278,0.0,0.0,0.5172413793103449,0.4827586206896552,0.02459016393442623,M,Daniil Medvedev,Ernesto Escobedo,132,0.7131147540983607,hard,aus
74,0.024390243902439025,0.6029411764705882,111.3170731707317,89.13636363636364,0.4411764705882353,0.5588235294117647,0.07352941176470588,M,David Ferrer,Omar Jasika,52,0.5,hard,aus
75,0.09090909090909091,0.6567164179104478,110.9090909090909,96.71428571428571,0.42857142857142855,0.5714285714285714,0.029850746268656716,M,Omar Jasika,David Ferrer,83,0.7313432835820896,hard,aus
76,0.05128205128205128,0.46987951807228917,0.0,0.0,0.5,0.5,0.03614457831325301,M,Michael Mmoh,Gilles Simon,95,0.6746987951807228,hard,aus
77,0.0784313725490196,0.6623376623376623,0.0,0.0,0.5,0.5,0.05194805194805195,M,Gilles Simon,Michael Mmoh,65,0.4935064935064935,hard,aus
78,0.11538461538461539,0.5909090909090909,0.0,0.0,0.49382716049382713,0.5061728395061729,0.03787878787878788,M,Rogerio Dutra Silva,Jared Donaldson,131,0.6136363636363636,hard,aus
79,0.16883116883116883,0.5923076923076923,0.0,0.0,0.4875,0.5125,0.023076923076923078,M,Jared Donaldson,Rogerio Dutra Silva,131,0.6153846153846154,hard,aus
80,0.05454545454545454,0.5913978494623656,116.58181818181818,99.09677419354838,0.5185185185185185,0.48148148148148145,0.07526881720430108,M,Milos Raonic,Dustin Brown,74,0.5806451612903226,hard,aus
81,0.28,0.6329113924050633,118.66,110.25,0.4576271186440678,0.5423728813559322,0.06329113924050633,M,Dustin Brown,Milos Raonic,98,0.7468354430379747,hard,aus
82,0.1935483870967742,0.4696969696969697,108.87096774193549,93.59016393442623,0.4634146341463415,0.5365853658536586,0.06818181818181818,M,Jan Lennard Struff,Dominic Thiem,137,0.6212121212121212,hard,aus
83,0.17567567567567569,0.5285714285714286,128.59459459459458,100.98214285714286,0.47058823529411764,0.5294117647058824,0.07142857142857142,M,Dominic Thiem,Jan Lennard Struff,135,0.6071428571428571,hard,aus
84,0.2268041237113402,0.6643835616438356,114.70103092783505,85.75,0.4742268041237113,0.5257731958762887,0.00684931506849315,M,Joao Sousa,Jordan Thompson,149,0.6643835616438356,hard,aus
85,0.0547945205479452,0.553030303030303,111.46575342465754,87.68518518518519,0.475,0.525,0.03787878787878788,M,Jordan Thompson,Joao Sousa,129,0.6060606060606061,hard,aus
86,0.06666666666666667,0.5357142857142857,106.15555555555555,95.88235294117646,0.4897959183673469,0.5102040816326531,0.05952380952380952,M,Benoit Paire,Tommy Haas,72,0.5833333333333334,hard,aus
87,0.4883720930232558,0.581081081081081,113.90697674418605,87.70370370370371,0.49019607843137253,0.5098039215686274,0.05405405405405406,M,Tommy Haas,Benoit Paire,86,0.6891891891891891,hard,aus
88,0.11627906976744186,0.5308641975308642,0.0,0.0,0.47540983606557374,0.5245901639344263,0.037037037037037035,M,Feliciano Lopez,Fabio Fognini,122,0.7530864197530864,hard,aus
89,0.15492957746478872,0.5338345864661654,0.0,0.0,0.5138888888888888,0.4861111111111111,0.06015037593984962,M,Fabio Fognini,Feliciano Lopez,92,0.5413533834586466,hard,aus
90,0.4857142857142857,0.6572769953051644,0.0,0.0,0.5029239766081871,0.49707602339181284,0.056338028169014086,M,Horacio Zeballos,Ivo Karlovic,234,0.8028169014084507,hard,aus
91,0.17763157894736842,0.6413502109704642,0.0,0.0,0.5057471264367817,0.4942528735632184,0.0379746835443038,M,Ivo Karlovic,Horacio Zeballos,216,0.7341772151898734,hard,aus
92,0.19696969696969696,0.616822429906542,0.0,0.0,0.5238095238095238,0.47619047619047616,0.028037383177570093,M,Andrew Whittington,Adam Pavlasek,100,0.5887850467289719,hard,aus
93,0.18461538461538463,0.5803571428571429,0.0,0.0,0.4666666666666667,0.5333333333333333,0.08928571428571429,M,Adam Pavlasek,Andrew Whittington,119,0.6696428571428571,hard,aus
94,0.08620689655172414,0.6666666666666666,0.0,0.0,0.5384615384615384,0.46153846153846156,0.05747126436781609,M,Radek Stepanek,Dmitry Tursunov,79,0.5977011494252874,hard,aus
95,0.234375,0.6464646464646465,0.0,0.0,0.4722222222222222,0.5277777777777778,0.04040404040404041,M,Dmitry Tursunov,Radek Stepanek,107,0.7272727272727273,hard,aus
96,0.24705882352941178,0.5902777777777778,128.49411764705883,100.26923076923077,0.5217391304347826,0.4782608695652174,0.04861111111111111,M,David Goffin,Reilly Opelka,137,0.6388888888888888,hard,aus
97,0.16455696202531644,0.5337837837837838,107.69620253164557,84.54838709677419,0.46601941747572817,0.5339805825242718,0.0472972972972973,M,Reilly Opelka,David Goffin,155,0.6959459459459459,hard,aus
98,0.3191489361702128,0.5802469135802469,117.76595744680851,89.61764705882354,0.5373134328358209,0.4626865671641791,0.0,M,Christopher O'Connell,Grigor Dimitrov,110,0.8271604938271605,hard,aus
99,0.09375,0.5818181818181818,112.890625,86.46666666666667,0.5671641791044776,0.43283582089552236,0.00909090909090909,M,Grigor Dimitrov,Christopher O'Connell,81,0.6090909090909091,hard,aus
100,0.06363636363636363,0.7142857142857143,0.0,0.0,0.48484848484848486,0.5151515151515151,0.012987012987012988,M,Carlos Berlocq,Radu Albot,152,0.6428571428571429,hard,aus
101,0.18478260869565216,0.5859872611464968,0.0,0.0,0.5288461538461539,0.47115384615384615,0.03184713375796178,M,Radu Albot,Carlos Berlocq,159,0.6624203821656051,hard,aus
102,0.14285714285714285,0.6282051282051282,112.28571428571429,86.92307692307692,0.43478260869565216,0.5652173913043478,0.038461538461538464,M,Richard Gasquet,Blake Mott,70,0.5897435897435898,hard,aus
103,0.03773584905660377,0.6463414634146342,103.30188679245283,87.53571428571429,0.43103448275862066,0.5689655172413793,0.012195121951219513,M,Blake Mott,Richard Gasquet,90,0.7073170731707317,hard,aus
104,0.27906976744186046,0.5512820512820513,0.0,0.0,0.5254237288135594,0.4745762711864407,0.02564102564102564,M,Santiago Giraldo,Kyle Edmund,95,0.7564102564102564,hard,aus
105,0.125,0.5647058823529412,0.0,0.0,0.5102040816326531,0.4897959183673469,0.047058823529411764,M,Kyle Edmund,Santiago Giraldo,68,0.5764705882352941,hard,aus
106,0.1794871794871795,0.6554621848739496,0.0,0.0,0.4375,0.5625,0.01680672268907563,M,Ivan Dodig,Denis Istomin,126,0.6722689075630253,hard,aus
107,0.1076923076923077,0.5752212389380531,0.0,0.0,0.5074626865671642,0.4925373134328358,0.09734513274336283,M,Denis Istomin,Ivan Dodig,106,0.5929203539823009,hard,aus
108,0.09090909090909091,0.5188679245283019,113.94545454545455,95.8913043478261,0.4528301886792453,0.5471698113207547,0.04716981132075472,M,Novak Djokovic,Fernando Verdasco,85,0.5,hard,aus
109,0.034482758620689655,0.6170212765957447,113.93103448275862,92.47058823529412,0.45161290322580644,0.5483870967741935,0.02127659574468085,M,Fernando Verdasco,Novak Djokovic,115,0.6595744680851063,hard,aus
110,0.20454545454545456,0.6376811594202898,114.61363636363636,86.56521739130434,0.47058823529411764,0.5294117647058824,0.028985507246376812,M,Andrey Rublev,Andy Murray,83,0.7391304347826086,hard,aus
111,0.07407407407407407,0.4153846153846154,117.62962962962963,94.51428571428572,0.48484848484848486,0.5151515151515151,0.046153846153846156,M,Andy Murray,Andrey Rublev,51,0.5076923076923077,hard,aus
112,0.014705882352941176,0.68,100.04411764705883,87.75,0.5769230769230769,0.4230769230769231,0.04,M,Sam Querrey,Alex De Minaur,77,0.52,hard,aus
113,0.1956521739130435,0.5168539325842697,118.19565217391305,93.29411764705883,0.453125,0.546875,0.10112359550561797,M,Alex De Minaur,Sam Querrey,112,0.7191011235955056,hard,aus
114,0.2097902097902098,0.7044334975369458,115.57342657342657,96.17857142857143,0.4788732394366197,0.5211267605633803,0.019704433497536946,M,Mischa Zverev,John Isner,204,0.6995073891625616,hard,aus
115,0.15503875968992248,0.6056338028169014,101.59689922480621,84.98591549295774,0.5165562913907285,0.48344370860927155,0.06103286384976526,M,John Isner,Mischa Zverev,212,0.7089201877934272,hard,aus
116,0.16666666666666666,0.5853658536585366,0.0,0.0,0.5370370370370371,0.46296296296296297,0.04878048780487805,M,Alexander Bublik,Malek Jaziri,102,0.6585365853658537,hard,aus
117,0.3,0.5434782608695652,0.0,0.0,0.4318181818181818,0.5681818181818182,0.043478260869565216,M,Malek Jaziri,Alexander Bublik,72,0.4782608695652174,hard,aus
118,0.3125,0.64,120.54166666666667,93.28,0.5254237288135594,0.4745762711864407,0.02666666666666667,M,Ryan Harrison,Tomas Berdych,120,0.7866666666666666,hard,aus
119,0.08823529411764706,0.5271317829457365,112.20588235294117,100.08,0.5294117647058824,0.47058823529411764,0.08527131782945736,M,Tomas Berdych,Ryan Harrison,84,0.5271317829457365,hard,aus
120,0.03508771929824561,0.5588235294117647,112.66666666666667,99.97619047619048,0.515625,0.484375,0.029411764705882353,M,Roger Federer,Noah Rubin,96,0.6274509803921569,hard,aus
121,0.23880597014925373,0.5982142857142857,114.22388059701493,92.62790697674419,0.4875,0.5125,0.017857142857142856,M,Noah Rubin,Roger Federer,118,0.7142857142857143,hard,aus
122,0.12121212121212122,0.559322033898305,0.0,0.0,0.5205479452054794,0.4794520547945205,0.00847457627118644,M,Dudi Sela,Lukas Lacko,113,0.6186440677966102,hard,aus
123,0.07352941176470588,0.6938775510204082,0.0,0.0,0.46551724137931033,0.5344827586206896,0.05102040816326531,M,Lukas Lacko,Dudi Sela,103,0.5918367346938775,hard,aus
124,0.09259259259259259,0.574468085106383,116.33333333333333,100.97142857142858,0.5,0.5,0.05319148936170213,M,Kei Nishikori,Jeremy Chardy,80,0.5106382978723404,hard,aus
125,0.03278688524590164,0.6931818181818182,104.0,83.96296296296296,0.5178571428571429,0.48214285714285715,0.0,M,Jeremy Chardy,Kei Nishikori,102,0.6363636363636364,hard,aus
126,0.2037037037037037,0.6136363636363636,116.33333333333333,94.73333333333333,0.5151515151515151,0.48484848484848486,0.045454545454545456,M,Steve Johnson,Stan Wawrinka,101,0.75,hard,aus
127,0.09090909090909091,0.7096774193548387,111.57575757575758,95.48148148148148,0.5517241379310345,0.4482758620689655,0.0,M,Stan Wawrinka,Steve Johnson,80,0.6236559139784946,hard,aus
128,0.08163265306122448,0.6125,107.16326530612245,82.33333333333333,0.52,0.48,0.05,M,Viktor Troicki,Paolo Lorenzi,155,0.625,hard,aus
129,0.23809523809523808,0.5454545454545454,111.5,86.734375,0.4444444444444444,0.5555555555555556,0.03896103896103896,M,Paolo Lorenzi,Viktor Troicki,159,0.6428571428571429,hard,aus
130,0.07462686567164178,0.5677966101694916,0.0,0.0,0.4857142857142857,0.5142857142857142,0.0423728813559322,M,Steve Darcis,Diego Schwartzman,111,0.5932203389830508,hard,aus
131,0.0625,0.7017543859649122,0.0,0.0,0.4794520547945205,0.5205479452054794,0.0,M,Diego Schwartzman,Steve Darcis,121,0.6403508771929824,hard,aus
132,0.18604651162790697,0.5733333333333334,111.54651162790698,87.31666666666666,0.5046728971962616,0.4953271028037383,0.02666666666666667,M,Nick Kyrgios,Andreas Seppi,163,0.7133333333333334,hard,aus
133,0.2288135593220339,0.6900584795321637,119.37288135593221,108.26666666666667,0.5130434782608696,0.48695652173913045,0.04678362573099415,M,Andreas Seppi,Nick Kyrgios,158,0.672514619883041,hard,aus
134,0.3333333333333333,0.569620253164557,113.95555555555555,85.875,0.45454545454545453,0.5454545454545454,0.02531645569620253,M,Dusan Lajovic,Jo Wilfried Tsonga,97,0.6962025316455697,hard,aus
135,0.017543859649122806,0.6705882352941176,102.3859649122807,81.39285714285714,0.5813953488372093,0.4186046511627907,0.0,M,Jo Wilfried Tsonga,Dusan Lajovic,67,0.5058823529411764,hard,aus
136,0.1724137931034483,0.5225225225225225,113.44827586206897,94.36170212765957,0.49206349206349204,0.5079365079365079,0.05405405405405406,M,Jack Sock,Karen Khachanov,99,0.5675675675675675,hard,aus
137,0.1111111111111111,0.5887850467289719,113.11111111111111,98.17948717948718,0.4647887323943662,0.5352112676056338,0.04672897196261682,M,Karen Khachanov,Jack Sock,119,0.6635514018691588,hard,aus
138,0.19791666666666666,0.7164179104477612,107.72916666666667,82.33333333333333,0.5,0.5,0.014925373134328358,M,Victor Estrella Burgos,Bernard Tomic,154,0.7313432835820896,hard,aus
139,0.125,0.6341463414634146,112.1923076923077,94.05660377358491,0.5185185185185185,0.48148148148148145,0.042682926829268296,M,Bernard Tomic,Victor Estrella Burgos,144,0.6585365853658537,hard,aus
140,0.05952380952380952,0.5874125874125874,112.29761904761905,92.57692307692308,0.42045454545454547,0.5795454545454546,0.04895104895104895,M,Marin Cilic,Daniel Evans,130,0.6153846153846154,hard,aus
141,0.20634920634920634,0.5727272727272728,118.65079365079364,91.88372093023256,0.5147058823529411,0.4852941176470588,0.03636363636363636,M,Daniel Evans,Marin Cilic,123,0.6181818181818182,hard,aus
142,0.27419354838709675,0.6739130434782609,114.1774193548387,95.52,0.5,0.5,0.05434782608695652,M,Alexandr Dolgopolov,Gael Monfils,116,0.6521739130434783,hard,aus
143,0.08333333333333333,0.5853658536585366,114.52777777777777,88.41304347826087,0.582089552238806,0.417910447761194,0.04065040650406504,M,Gael Monfils,Alexandr Dolgopolov,99,0.5447154471544715,hard,aus
144,0.08064516129032258,0.6666666666666666,105.24193548387096,82.17241379310344,0.5555555555555556,0.4444444444444444,0.021505376344086023,M,Philipp Kohlschreiber,Donald Young,66,0.4838709677419355,hard,aus
145,0.06976744186046512,0.5584415584415584,108.86046511627907,95.25806451612904,0.5357142857142857,0.4642857142857143,0.03896103896103896,M,Donald Young,Philipp Kohlschreiber,104,0.7272727272727273,hard,aus
146,0.16363636363636364,0.5555555555555556,123.92727272727272,102.55263157894737,0.4925373134328358,0.5074626865671642,0.06060606060606061,M,Frances Tiafoe,Alexander Zverev,100,0.6767676767676768,hard,aus
147,0.07272727272727272,0.6626506024096386,120.87272727272727,96.92307692307692,0.5,0.5,0.024096385542168676,M,Alexander Zverev,Frances Tiafoe,82,0.6024096385542169,hard,aus
148,0.1320754716981132,0.5408163265306123,115.9622641509434,85.85365853658537,0.46938775510204084,0.5306122448979592,0.04081632653061224,M,Rafael Nadal,Marcos Baghdatis,73,0.5,hard,aus
149,0.078125,0.8,110.6875,92.75,0.48214285714285715,0.5178571428571429,0.0,M,Marcos Baghdatis,Rafael Nadal,105,0.7,hard,aus
150,0.14285714285714285,0.8181818181818182,93.0,82.53846153846153,0.5531914893617021,0.44680851063829785,0.012987012987012988,M,Yoshihito Nishioka,Roberto Bautista Agut,111,0.6103896103896104,hard,aus
151,0.028169014084507043,0.6016949152542372,92.7605633802817,67.70454545454545,0.5185185185185185,0.48148148148148145,0.025423728813559324,M,Roberto Bautista Agut,Yoshihito Nishioka,84,0.4576271186440678,hard,aus
152,0.08823529411764706,0.5619834710743802,116.8970588235294,89.4,0.52,0.48,0.024793388429752067,M,David Ferrer,Ernesto Escobedo,128,0.6198347107438017,hard,aus
153,0.07142857142857142,0.5957446808510638,106.13095238095238,90.32,0.5113636363636364,0.48863636363636365,0.04964539007092199,M,Ernesto Escobedo,David Ferrer,134,0.624113475177305,hard,aus
154,0.06382978723404255,0.7014925373134329,0.0,0.0,0.49019607843137253,0.5098039215686274,0.07462686567164178,M,Rogerio Dutra Silva,Gilles Simon,90,0.7611940298507462,hard,aus
155,0.02,0.6172839506172839,0.0,0.0,0.42857142857142855,0.5714285714285714,0.037037037037037035,M,Gilles Simon,Rogerio Dutra Silva,58,0.5185185185185185,hard,aus
156,0.1076923076923077,0.6989247311827957,114.43076923076923,98.70370370370371,0.5161290322580645,0.4838709677419355,0.010752688172043012,M,Milos Raonic,Gilles Muller,86,0.6666666666666666,hard,aus
157,0.3442622950819672,0.6421052631578947,120.59016393442623,109.09677419354838,0.5070422535211268,0.49295774647887325,0.031578947368421054,M,Gilles Muller,Milos Raonic,102,0.7473684210526316,hard,aus
158,0.18181818181818182,0.584070796460177,118.66666666666667,92.48837209302326,0.5061728395061729,0.49382716049382713,0.035398230088495575,M,Jordan Thompson,Dominic Thiem,134,0.7168141592920354,hard,aus
159,0.07462686567164178,0.5447154471544715,109.55223880597015,83.05454545454545,0.5,0.5,0.008130081300813009,M,Dominic Thiem,Jordan Thompson,102,0.5691056910569106,hard,aus
160,0.20833333333333334,0.5454545454545454,115.79166666666667,89.08571428571429,0.5377358490566038,0.46226415094339623,0.056818181818181816,M,Fabio Fognini,Benoit Paire,169,0.6022727272727273,hard,aus
161,0.010869565217391304,0.575,109.97826086956522,90.87096774193549,0.5154639175257731,0.4845360824742268,0.0375,M,Benoit Paire,Fabio Fognini,167,0.60625,hard,aus
162,0.36538461538461536,0.5652173913043478,120.51923076923077,104.48484848484848,0.5223880597014925,0.47761194029850745,0.07608695652173914,M,Andrew Whittington,Ivo Karlovic,101,0.7282608695652174,hard,aus
163,0.06521739130434782,0.5,116.97826086956522,91.125,0.5,0.5,0.06521739130434782,M,Ivo Karlovic,Andrew Whittington,83,0.6304347826086957,hard,aus
164,0.06521739130434782,0.5822784810126582,111.47826086956522,92.79166666666667,0.46153846153846156,0.5384615384615384,0.11392405063291139,M,David Goffin,Radek Stepanek,64,0.4936708860759494,hard,aus
165,0.1590909090909091,0.55,105.18181818181819,82.90625,0.5636363636363636,0.43636363636363634,0.05,M,Radek Stepanek,David Goffin,95,0.6875,hard,aus
166,0.15789473684210525,0.6495726495726496,115.75,89.45945945945945,0.5135135135135135,0.4864864864864865,0.03418803418803419,M,Hyeon Chung,Grigor Dimitrov,114,0.6324786324786325,hard,aus
167,0.09859154929577464,0.6826923076923077,116.05633802816901,93.75862068965517,0.546875,0.453125,0.038461538461538464,M,Grigor Dimitrov,Hyeon Chung,107,0.6153846153846154,hard,aus
168,0.05263157894736842,0.5277777777777778,100.60526315789474,83.54545454545455,0.41935483870967744,0.5806451612903226,0.013888888888888888,M,Richard Gasquet,Carlos Berlocq,52,0.4305555555555556,hard,aus
169,0.05128205128205128,0.5492957746478874,108.66666666666667,88.4074074074074,0.5,0.5,0.07042253521126761,M,Carlos Berlocq,Richard Gasquet,91,0.704225352112676,hard,aus
170,0.1206896551724138,0.651685393258427,0.0,0.0,0.5,0.5,0.0,M,Kyle Edmund,Pablo Carreno Busta,96,0.6966292134831461,hard,aus
171,0.14285714285714285,0.5316455696202531,0.0,0.0,0.5555555555555556,0.4444444444444444,0.0759493670886076,M,Pablo Carreno Busta,Kyle Edmund,72,0.569620253164557,hard,aus
172,0.12686567164179105,0.6907216494845361,93.7910447761194,80.7719298245614,0.5041322314049587,0.49586776859504134,0.015463917525773196,M,Novak Djokovic,Denis Istomin,186,0.6237113402061856,hard,aus
173,0.11214953271028037,0.5783783783783784,101.64485981308411,84.78260869565217,0.475,0.525,0.04864864864864865,M,Denis Istomin,Novak Djokovic,193,0.6486486486486487,hard,aus
174,0.14285714285714285,0.6511627906976745,111.64285714285714,87.10714285714286,0.46551724137931033,0.5344827586206896,0.023255813953488372,M,Sam Querrey,Andy Murray,97,0.6744186046511628,hard,aus
175,0.09433962264150944,0.6091954022988506,118.35849056603773,95.25,0.5625,0.4375,0.022988505747126436,M,Andy Murray,Sam Querrey,76,0.5517241379310345,hard,aus
176,0.1346153846153846,0.5909090909090909,106.3076923076923,87.6969696969697,0.49122807017543857,0.5087719298245614,0.03409090909090909,M,Malek Jaziri,Mischa Zverev,119,0.6477272727272727,hard,aus
177,0.057971014492753624,0.5609756097560976,103.98550724637681,82.64583333333333,0.47540983606557374,0.5245901639344263,0.04878048780487805,M,Mischa Zverev,Malek Jaziri,92,0.4959349593495935,hard,aus
178,0.2549019607843137,0.6296296296296297,122.2156862745098,99.44444444444444,0.4230769230769231,0.5769230769230769,0.037037037037037035,M,Roger Federer,Tomas Berdych,66,0.6419753086419753,hard,aus
179,0.1951219512195122,0.5857142857142857,114.85365853658537,96.18518518518519,0.5,0.5,0.02857142857142857,M,Tomas Berdych,Roger Federer,85,0.8,hard,aus
180,0.18333333333333332,0.5660377358490566,110.0,89.57777777777778,0.45901639344262296,0.5409836065573771,0.009433962264150943,M,Kei Nishikori,Lukas Lacko,79,0.5754716981132075,hard,aus
181,0.10869565217391304,0.6052631578947368,107.1086956521739,85.48148148148148,0.5172413793103449,0.4827586206896552,0.039473684210526314,M,Lukas Lacko,Kei Nishikori,103,0.7631578947368421,hard,aus
182,0.22535211267605634,0.6068376068376068,113.26760563380282,95.85714285714286,0.4868421052631579,0.5131578947368421,0.03418803418803419,M,Viktor Troicki,Stan Wawrinka,130,0.6495726495726496,hard,aus
183,0.1,0.5737704918032787,115.34285714285714,87.95454545454545,0.5,0.5,0.06557377049180328,M,Stan Wawrinka,Viktor Troicki,109,0.5573770491803278,hard,aus
184,0.10810810810810811,0.5648854961832062,104.39189189189189,83.24528301886792,0.5060240963855421,0.4939759036144578,0.030534351145038167,M,Andreas Seppi,Steve Darcis,123,0.6335877862595419,hard,aus
185,0.1527777777777778,0.549618320610687,111.36111111111111,83.74074074074075,0.4835164835164835,0.5164835164835165,0.03816793893129771,M,Steve Darcis,Andreas Seppi,139,0.6946564885496184,hard,aus
186,0.22772277227722773,0.6516129032258065,118.94059405940594,86.20408163265306,0.5,0.5,0.03225806451612903,M,Jack Sock,Jo Wilfried Tsonga,170,0.7096774193548387,hard,aus
187,0.07446808510638298,0.5662650602409639,116.40425531914893,99.73134328358209,0.4811320754716981,0.5188679245283019,0.030120481927710843,M,Jo Wilfried Tsonga,Jack Sock,151,0.6385542168674698,hard,aus
188,0.24390243902439024,0.7192982456140351,107.52439024390245,87.09677419354838,0.5342465753424658,0.4657534246575342,0.008771929824561403,M,Daniel Evans,Bernard Tomic,119,0.6403508771929824,hard,aus
189,0.12,0.5597014925373134,113.37333333333333,92.40350877192982,0.45454545454545453,0.5454545454545454,0.014925373134328358,M,Bernard Tomic,Daniel Evans,129,0.6567164179104478,hard,aus
190,0.11764705882352941,0.7010309278350515,113.80882352941177,94.4,0.5238095238095238,0.47619047619047616,0.041237113402061855,M,Philipp Kohlschreiber,Gael Monfils,93,0.6494845360824743,hard,aus
191,0.057692307692307696,0.65,110.71153846153847,88.23076923076923,0.48,0.52,0.025,M,Gael Monfils,Philipp Kohlschreiber,84,0.625,hard,aus
192,0.16666666666666666,0.627906976744186,125.17592592592592,98.84905660377359,0.5480769230769231,0.4519230769230769,0.06395348837209303,M,Rafael Nadal,Alexander Zverev,149,0.6046511627906976,hard,aus
193,0.09734513274336283,0.7533333333333333,109.68141592920354,92.12121212121212,0.5428571428571428,0.45714285714285713,0.02666666666666667,M,Alexander Zverev,Rafael Nadal,173,0.7,hard,aus
194,0.04716981132075472,0.5824175824175825,104.17924528301887,87.21126760563381,0.5272727272727272,0.4727272727272727,0.027472527472527472,M,David Ferrer,Roberto Bautista Agut,172,0.6043956043956044,hard,aus
195,0.012345679012345678,0.5364238410596026,103.81481481481481,92.765625,0.4943820224719101,0.5056179775280899,0.039735099337748346,M,Roberto Bautista Agut,David Ferrer,161,0.5894039735099338,hard,aus
196,0.0,0.7614678899082569,101.91566265060241,83.95652173913044,0.45588235294117646,0.5441176470588235,0.027522935779816515,M,Milos Raonic,Gilles Simon,104,0.6238532110091743,hard,aus
197,0.28378378378378377,0.6607142857142857,122.33783783783784,103.4,0.5131578947368421,0.4868421052631579,0.026785714285714284,M,Gilles Simon,Milos Raonic,117,0.6785714285714286,hard,aus
198,0.11764705882352941,0.6640625,111.27058823529411,94.175,0.48717948717948717,0.5128205128205128,0.0234375,M,Benoit Paire,Dominic Thiem,128,0.609375,hard,aus
199,0.19230769230769232,0.4727272727272727,115.59615384615384,89.46938775510205,0.48333333333333334,0.5166666666666667,0.08181818181818182,M,Dominic Thiem,Benoit Paire,110,0.5454545454545454,hard,aus
200,0.41379310344827586,0.7435897435897436,125.32758620689656,107.70588235294117,0.46938775510204084,0.5306122448979592,0.038461538461538464,M,David Goffin,Ivo Karlovic,59,0.6282051282051282,hard,aus
201,0.05128205128205128,0.5909090909090909,101.94871794871794,86.125,0.5,0.5,0.045454545454545456,M,Ivo Karlovic,David Goffin,85,0.8484848484848485,hard,aus
202,0.15942028985507245,0.7263157894736842,116.81159420289855,86.5909090909091,0.5,0.5,0.042105263157894736,M,Richard Gasquet,Grigor Dimitrov,104,0.6947368421052632,hard,aus
203,0.04081632653061224,0.5975609756097561,108.04081632653062,88.51724137931035,0.6136363636363636,0.38636363636363635,0.04878048780487805,M,Grigor Dimitrov,Richard Gasquet,73,0.5365853658536586,hard,aus
204,0.05813953488372093,0.5695364238410596,108.38372093023256,84.51666666666667,0.4946236559139785,0.5053763440860215,0.033112582781456956,M,Denis Istomin,Pablo Carreno Busta,137,0.6158940397350994,hard,aus
205,0.17204301075268819,0.6595744680851063,112.05376344086021,88.76086956521739,0.5051546391752577,0.4948453608247423,0.014184397163120567,M,Pablo Carreno Busta,Denis Istomin,155,0.6879432624113475,hard,aus
206,0.10526315789473684,0.6551724137931034,109.42105263157895,86.95454545454545,0.4875,0.5125,0.041379310344827586,M,Mischa Zverev,Andy Murray,136,0.5517241379310345,hard,aus
207,0.07692307692307693,0.6642335766423357,110.43956043956044,88.02272727272727,0.49382716049382713,0.5061728395061729,0.014598540145985401,M,Andy Murray,Mischa Zverev,146,0.5912408759124088,hard,aus
208,0.24,0.6756756756756757,116.69,95.64285714285714,0.49514563106796117,0.5048543689320388,0.04054054054054054,M,Kei Nishikori,Roger Federer,170,0.6959459459459459,hard,aus
209,0.04672897196261682,0.6524390243902439,104.92523364485982,83.61538461538461,0.422680412371134,0.5773195876288659,0.03048780487804878,M,Roger Federer,Kei Nishikori,142,0.5914634146341463,hard,aus
210,0.22727272727272727,0.5641025641025641,112.31818181818181,95.55102040816327,0.47126436781609193,0.5287356321839081,0.017094017094017096,M,Andreas Seppi,Stan Wawrinka,135,0.7435897435897436,hard,aus
211,0.14285714285714285,0.6176470588235294,112.22619047619048,89.3061224489796,0.4431818181818182,0.5568181818181818,0.022058823529411766,M,Stan Wawrinka,Andreas Seppi,118,0.6470588235294118,hard,aus
212,0.19753086419753085,0.6639344262295082,116.75308641975309,87.82051282051282,0.5274725274725275,0.4725274725274725,0.01639344262295082,M,Daniel Evans,Jo Wilfried Tsonga,145,0.7459016393442623,hard,aus
213,0.07,0.6993006993006993,114.49,95.21875,0.5280898876404494,0.47191011235955055,0.07692307692307693,M,Jo Wilfried Tsonga,Daniel Evans,120,0.6223776223776224,hard,aus
214,0.18421052631578946,0.5846153846153846,117.03947368421052,99.02272727272727,0.4864864864864865,0.5135135135135135,0.07692307692307693,M,Rafael Nadal,Gael Monfils,105,0.5692307692307692,hard,aus
215,0.02702702702702703,0.7326732673267327,109.29729729729729,91.23076923076923,0.5285714285714286,0.4714285714285714,0.009900990099009901,M,Gael Monfils,Rafael Nadal,126,0.693069306930693,hard,aus
216,0.09090909090909091,0.6929133858267716,105.19318181818181,91.74285714285715,0.5584415584415584,0.44155844155844154,0.031496062992125984,M,Milos Raonic,Roberto Bautista Agut,112,0.6062992125984252,hard,aus
217,0.410958904109589,0.6460176991150443,124.94520547945206,107.41935483870968,0.5,0.5,0.07964601769911504,M,Roberto Bautista Agut,Milos Raonic,128,0.6902654867256637,hard,aus
218,0.16883116883116883,0.6015625,119.15584415584415,96.78260869565217,0.5,0.5,0.0390625,M,David Goffin,Dominic Thiem,117,0.59375,hard,aus
219,0.21428571428571427,0.56,113.47142857142858,87.09433962264151,0.47619047619047616,0.5238095238095238,0.016,M,Dominic Thiem,David Goffin,136,0.672,hard,aus
220,0.09722222222222222,0.7346938775510204,116.65277777777777,88.16,0.5540540540540541,0.44594594594594594,0.01020408163265306,M,Denis Istomin,Grigor Dimitrov,116,0.7551020408163265,hard,aus
221,0.1917808219178082,0.7019230769230769,114.10958904109589,87.2,0.4838709677419355,0.5161290322580645,0.009615384615384616,M,Grigor Dimitrov,Denis Istomin,86,0.5961538461538461,hard,aus
222,0.06944444444444445,0.7422680412371134,110.43055555555556,90.36,0.5098039215686274,0.49019607843137253,0.0,M,Roger Federer,Mischa Zverev,76,0.5257731958762887,hard,aus
223,0.16666666666666666,0.6835443037974683,113.88888888888889,94.95833333333333,0.5555555555555556,0.4444444444444444,0.012658227848101266,M,Mischa Zverev,Roger Federer,100,0.6835443037974683,hard,aus
224,0.06896551724137931,0.5420560747663551,117.3103448275862,97.53191489361703,0.5205479452054794,0.4794520547945205,0.018691588785046728,M,Jo Wilfried Tsonga,Stan Wawrinka,108,0.6822429906542056,hard,aus
225,0.15217391304347827,0.5348837209302325,119.21739130434783,89.43243243243244,0.49019607843137253,0.5098039215686274,0.03488372093023256,M,Stan Wawrinka,Jo Wilfried Tsonga,85,0.5930232558139535,hard,aus
226,0.05263157894736842,0.7238095238095238,108.89473684210526,92.28,0.4358974358974359,0.5641025641025641,0.0380952380952381,M,Milos Raonic,Rafael Nadal,117,0.7428571428571429,hard,aus
227,0.18309859154929578,0.6635514018691588,123.43661971830986,106.1470588235294,0.5294117647058824,0.47058823529411764,0.018691588785046728,M,Rafael Nadal,Milos Raonic,95,0.6355140186915887,hard,aus
228,0.13636363636363635,0.46808510638297873,109.86363636363636,85.14893617021276,0.4897959183673469,0.5102040816326531,0.031914893617021274,M,Grigor Dimitrov,David Goffin,84,0.5212765957446809,hard,aus
229,0.13114754098360656,0.6354166666666666,117.29508196721312,85.96774193548387,0.45901639344262296,0.5409836065573771,0.041666666666666664,M,David Goffin,Grigor Dimitrov,106,0.6354166666666666,hard,aus
230,0.12790697674418605,0.6013986013986014,113.95348837209302,92.0925925925926,0.4842105263157895,0.5157894736842106,0.02097902097902098,M,Stan Wawrinka,Roger Federer,142,0.6643356643356644,hard,aus
231,0.10112359550561797,0.6592592592592592,117.50561797752809,94.11363636363636,0.4659090909090909,0.5340909090909091,0.014814814814814815,M,Roger Federer,Stan Wawrinka,136,0.6518518518518519,hard,aus
232,0.05925925925925926,0.7336956521739131,108.54814814814814,90.52173913043478,0.525,0.475,0.016304347826086956,M,Grigor Dimitrov,Rafael Nadal,186,0.6521739130434783,hard,aus
233,0.16129032258064516,0.6850828729281768,116.5241935483871,89.40384615384616,0.46956521739130436,0.5304347826086957,0.027624309392265192,M,Rafael Nadal,Grigor Dimitrov,179,0.6353591160220995,hard,aus
234,0.2235294117647059,0.6159420289855072,114.76470588235294,91.24,0.4725274725274725,0.5274725274725275,0.021739130434782608,M,Rafael Nadal,Roger Federer,150,0.6594202898550725,hard,aus
235,0.01818181818181818,0.7284768211920529,109.74545454545455,92.65789473684211,0.5108695652173914,0.4891304347826087,0.019867549668874173,M,Roger Federer,Rafael Nadal,139,0.609271523178808,hard,aus
236,0.06,0.5617977528089888,91.06,77.31428571428572,0.55,0.45,0.0449438202247191,F,Lesia Tsurenko,Angelique Kerber,99,0.6741573033707865,hard,aus
237,0.0,0.6043956043956044,96.78181818181818,85.0909090909091,0.4807692307692308,0.5192307692307693,0.03296703296703297,F,Angelique Kerber,Lesia Tsurenko,81,0.5714285714285714,hard,aus
238,0.05454545454545454,0.6179775280898876,0.0,0.0,0.5094339622641509,0.49056603773584906,0.0,F,Carina Witthoeft,Eri Hozumi,83,0.5955056179775281,hard,aus
239,0.07272727272727272,0.6707317073170732,0.0,0.0,0.5384615384615384,0.46153846153846156,0.0975609756097561,F,Eri Hozumi,Carina Witthoeft,88,0.6341463414634146,hard,aus
240,0.14583333333333334,0.5783132530120482,0.0,0.0,0.5,0.5,0.04819277108433735,F,Viktorija Golubic,Kristyna Pliskova,87,0.5542168674698795,hard,aus
241,0.029850746268656716,0.7282608695652174,0.0,0.0,0.5294117647058824,0.47058823529411764,0.03260869565217391,F,Kristyna Pliskova,Viktorija Golubic,88,0.5543478260869565,hard,aus
242,0.058823529411764705,0.5730337078651685,0.0,0.0,0.509090909090909,0.4909090909090909,0.033707865168539325,F,Irina Camelia Begu,Yaroslava Shvedova,90,0.6179775280898876,hard,aus
243,0.05172413793103448,0.5686274509803921,0.0,0.0,0.5373134328358209,0.4626865671641791,0.0784313725490196,F,Yaroslava Shvedova,Irina Camelia Begu,101,0.6568627450980392,hard,aus
244,0.0,0.765625,0.0,0.0,0.4444444444444444,0.5555555555555556,0.0,F,Shuai Peng,Daria Kasatkina,54,0.421875,hard,aus
245,0.09523809523809523,0.6461538461538462,0.0,0.0,0.42105263157894735,0.5789473684210527,0.046153846153846156,F,Daria Kasatkina,Shuai Peng,75,0.5846153846153846,hard,aus
246,0.1,0.6521739130434783,98.23333333333333,86.0,0.5714285714285714,0.42857142857142855,0.043478260869565216,F,Eugenie Bouchard,Louisa Chirico,35,0.45652173913043476,hard,aus
247,0.08,0.5434782608695652,101.76,84.66666666666667,0.4375,0.5625,0.0,F,Louisa Chirico,Eugenie Bouchard,57,0.6956521739130435,hard,aus
248,0.07692307692307693,0.6046511627906976,100.42307692307692,83.92592592592592,0.5172413793103449,0.4827586206896552,0.08139534883720931,F,Misaki Doi,Pauline Parmentier,83,0.6744186046511628,hard,aus
249,0.022727272727272728,0.6567164179104478,89.8409090909091,76.0952380952381,0.47619047619047616,0.5238095238095238,0.029850746268656716,F,Pauline Parmentier,Misaki Doi,70,0.6268656716417911,hard,aus
250,0.23076923076923078,0.4,107.1923076923077,91.40625,0.5116279069767442,0.4883720930232558,0.1076923076923077,F,Roberta Vinci,CoCo Vandeweghe,73,0.6615384615384615,hard,aus
251,0.05263157894736842,0.59375,94.39473684210526,76.18181818181819,0.47058823529411764,0.5294117647058824,0.0625,F,CoCo Vandeweghe,Roberta Vinci,56,0.53125,hard,aus
252,0.023255813953488372,0.7288135593220338,88.79069767441861,77.15384615384616,0.5135135135135135,0.4864864864864865,0.05084745762711865,F,Jana Cepelova,nan,67,0.6271186440677966,hard,aus
253,0.0,0.6909090909090909,87.21052631578948,72.76923076923077,0.52,0.48,0.07272727272727272,F,nan,Jana Cepelova,47,0.45454545454545453,hard,aus
254,0.037037037037037035,0.6428571428571429,94.11111111111111,78.4,0.35,0.65,0.11904761904761904,F,Shuai Zhang,Aliaksandra Sasnovich,30,0.47619047619047616,hard,aus
255,0.08823529411764706,0.8095238095238095,94.79411764705883,85.42857142857143,0.5625,0.4375,0.023809523809523808,F,Aliaksandra Sasnovich,Shuai Zhang,54,0.7619047619047619,hard,aus
256,0.07142857142857142,0.4827586206896552,0.0,0.0,0.47368421052631576,0.5263157894736842,0.13793103448275862,F,Nao Hibino,Anastasija Sevastova,32,0.6551724137931034,hard,aus
257,0.0,0.6785714285714286,0.0,0.0,0.4666666666666667,0.5333333333333333,0.03571428571428571,F,Anastasija Sevastova,Nao Hibino,25,0.5357142857142857,hard,aus
258,0.043478260869565216,0.696969696969697,103.02173913043478,86.6,0.4473684210526316,0.5526315789473685,0.07575757575757576,F,nan,Marina Erakovic,62,0.5757575757575758,hard,aus
259,0.14705882352941177,0.4857142857142857,97.05882352941177,82.23529411764706,0.391304347826087,0.6086956521739131,0.02857142857142857,F,Marina Erakovic,nan,74,0.6571428571428571,hard,aus
260,0.04,0.704225352112676,91.24,75.05,0.43243243243243246,0.5675675675675675,0.014084507042253521,F,Shelby Rogers,Simona Halep,54,0.5211267605633803,hard,aus
261,0.058823529411764705,0.6415094339622641,101.70588235294117,83.21052631578948,0.5,0.5,0.0,F,Simona Halep,Shelby Rogers,70,0.6792452830188679,hard,aus
262,0.25,0.48484848484848486,101.5,81.74193548387096,0.5,0.5,0.045454545454545456,F,Annika Beck,Ashleigh Barty,85,0.5757575757575758,hard,aus
263,0.015625,0.7111111111111111,80.734375,70.11764705882354,0.5348837209302325,0.46511627906976744,0.1,F,Ashleigh Barty,Annika Beck,71,0.4777777777777778,hard,aus
264,0.1,0.6578947368421053,88.8,72.77272727272727,0.43137254901960786,0.5686274509803921,0.05263157894736842,F,Destanee Aiava,Mona Barthel,75,0.6710526315789473,hard,aus
265,0.07894736842105263,0.5507246376811594,102.76315789473684,83.66666666666667,0.4666666666666667,0.5333333333333333,0.10144927536231885,F,Mona Barthel,Destanee Aiava,70,0.6521739130434783,hard,aus
266,0.043478260869565216,0.6216216216216216,0.0,0.0,0.4666666666666667,0.5333333333333333,0.05405405405405406,F,Monica Puig,Patricia Maria Tig,27,0.40540540540540543,hard,aus
267,0.04,0.6097560975609756,0.0,0.0,0.5862068965517241,0.41379310344827586,0.0,F,Patricia Maria Tig,Monica Puig,51,0.7073170731707317,hard,aus
268,0.05,0.5263157894736842,0.0,0.0,0.5238095238095238,0.47619047619047616,0.039473684210526314,F,Varvara Lepchenko,Kiki Bertens,85,0.5526315789473685,hard,aus
269,0.058823529411764705,0.6666666666666666,0.0,0.0,0.5254237288135594,0.4745762711864407,0.0392156862745098,F,Kiki Bertens,Varvara Lepchenko,93,0.5784313725490197,hard,aus
270,0.021739130434782608,0.7076923076923077,94.56521739130434,77.2,0.525,0.475,0.06153846153846154,F,Rebecca Sramkova,Ying Ying Duan,60,0.6153846153846154,hard,aus
271,0.3333333333333333,0.3829787234042553,98.22222222222223,77.08,0.37037037037037035,0.6296296296296297,0.0851063829787234,F,Ying Ying Duan,Rebecca Sramkova,52,0.574468085106383,hard,aus
272,0.16666666666666666,0.6268656716417911,95.78571428571429,74.3913043478261,0.4888888888888889,0.5111111111111111,0.029850746268656716,F,Kurumi Nara,Stefanie Voegele,81,0.6716417910447762,hard,aus
273,0.0,0.5903614457831325,87.95918367346938,75.20588235294117,0.574468085106383,0.425531914893617,0.0,F,Stefanie Voegele,Kurumi Nara,69,0.5662650602409639,hard,aus
274,0.03333333333333333,0.6976744186046512,93.81666666666666,77.3913043478261,0.5,0.5,0.03488372093023256,F,Venus Williams,Kateryna Kozlova,79,0.5581395348837209,hard,aus
275,0.022727272727272728,0.55,103.25,80.34482758620689,0.5714285714285714,0.42857142857142855,0.0875,F,Kateryna Kozlova,Venus Williams,87,0.6125,hard,aus
276,0.05,0.625,99.3,74.11111111111111,0.475,0.525,0.09375,F,Galina Voskoboeva,Elina Svitolina,70,0.625,hard,aus
277,0.0625,0.5925925925925926,97.8125,78.73684210526316,0.7083333333333334,0.2916666666666667,0.05555555555555555,F,Elina Svitolina,Galina Voskoboeva,48,0.4444444444444444,hard,aus
278,0.07142857142857142,0.49122807017543857,0.0,0.0,0.48484848484848486,0.5151515151515151,0.03508771929824561,F,Julia Boserup,Francesca Schiavone,45,0.5789473684210527,hard,aus
279,0.09090909090909091,0.673469387755102,0.0,0.0,0.4864864864864865,0.5135135135135135,0.10204081632653061,F,Francesca Schiavone,Julia Boserup,61,0.7551020408163265,hard,aus
280,0.024390243902439025,0.7068965517241379,0.0,0.0,0.4444444444444444,0.5555555555555556,0.034482758620689655,F,Natalia Vikhlyantseva,Vania King,50,0.46551724137931033,hard,aus
281,0.10256410256410256,0.6964285714285714,0.0,0.0,0.5151515151515151,0.48484848484848486,0.03571428571428571,F,Vania King,Natalia Vikhlyantseva,64,0.5892857142857143,hard,aus
282,0.021739130434782608,0.647887323943662,0.0,0.0,0.47058823529411764,0.5294117647058824,0.07042253521126761,F,Anastasia Pavlyuchenkova,Evgeniya Rodina,60,0.4788732394366197,hard,aus
283,0.075,0.5714285714285714,0.0,0.0,0.5,0.5,0.04285714285714286,F,Evgeniya Rodina,Anastasia Pavlyuchenkova,81,0.6285714285714286,hard,aus
284,0.025,0.7017543859649122,91.55,84.32,0.3888888888888889,0.6111111111111112,0.07894736842105263,F,Jelena Jankovic,Laura Siegemund,100,0.47368421052631576,hard,aus
285,0.038461538461538464,0.5652173913043478,95.36538461538461,79.11764705882354,0.4782608695652174,0.5217391304347826,0.06521739130434782,F,Laura Siegemund,Jelena Jankovic,106,0.5,hard,aus
286,0.05263157894736842,0.6,0.0,0.0,0.5,0.5,0.07368421052631578,F,Julia Goerges,Katerina Siniakova,85,0.6105263157894737,hard,aus
287,0.14893617021276595,0.5595238095238095,0.0,0.0,0.5263157894736842,0.47368421052631576,0.09523809523809523,F,Katerina Siniakova,Julia Goerges,94,0.6785714285714286,hard,aus
288,0.0,0.64,0.0,0.0,0.4864864864864865,0.5135135135135135,0.08,F,Jaimee Fourlis,Anna Tatishvili,75,0.49333333333333335,hard,aus
289,0.06666666666666667,0.6896551724137931,0.0,0.0,0.6326530612244898,0.3673469387755102,0.011494252873563218,F,Anna Tatishvili,Jaimee Fourlis,87,0.5632183908045977,hard,aus
290,0.0,0.7352941176470589,78.88,72.71428571428571,0.5714285714285714,0.42857142857142855,0.058823529411764705,F,Svetlana Kuznetsova,nan,26,0.20588235294117646,hard,aus
291,0.03571428571428571,0.5490196078431373,90.21428571428571,80.89473684210526,0.53125,0.46875,0.0784313725490196,F,nan,Svetlana Kuznetsova,59,0.6274509803921569,hard,aus
292,0.2631578947368421,0.5,104.42105263157895,77.6875,0.48,0.52,0.07894736842105263,F,Sara Sorribes Tormo,Karolina Pliskova,55,0.6578947368421053,hard,aus
293,0.06666666666666667,0.625,91.6,77.75,0.6666666666666666,0.3333333333333333,0.125,F,Karolina Pliskova,Sara Sorribes Tormo,31,0.375,hard,aus
294,0.0,0.4157303370786517,0.0,0.0,0.5094339622641509,0.49056603773584906,0.0449438202247191,F,Monica Niculescu,Anna Blinkova,94,0.5955056179775281,hard,aus
295,0.0,0.7857142857142857,0.0,0.0,0.4186046511627907,0.5813953488372093,0.023809523809523808,F,Anna Blinkova,Monica Niculescu,79,0.5119047619047619,hard,aus
296,0.01639344262295082,0.5495495495495496,0.0,0.0,0.4576271186440678,0.5423728813559322,0.06306306306306306,F,Yulia Putintseva,Lara Arruabarrena,107,0.5315315315315315,hard,aus
297,0.045454545454545456,0.6666666666666666,0.0,0.0,0.5882352941176471,0.4117647058823529,0.04040404040404041,F,Lara Arruabarrena,Yulia Putintseva,103,0.5151515151515151,hard,aus
298,0.08771929824561403,0.7037037037037037,92.85964912280701,71.38095238095238,0.5,0.5,0.037037037037037035,F,Naomi Broady,Daria Gavrilova,86,0.691358024691358,hard,aus
299,0.36538461538461536,0.611764705882353,104.90384615384616,81.57575757575758,0.4909090909090909,0.509090909090909,0.0,F,Daria Gavrilova,Naomi Broady,80,0.6470588235294118,hard,aus
300,0.16666666666666666,0.5853658536585366,106.29166666666667,79.1875,0.5,0.5,0.024390243902439025,F,Saisai Zheng,Danka Kovinic,57,0.6829268292682927,hard,aus
301,0.0,0.56,91.92857142857143,76.27777777777777,0.47619047619047616,0.5238095238095238,0.08,F,Danka Kovinic,Saisai Zheng,34,0.42,hard,aus
302,0.045454545454545456,0.5409836065573771,0.0,0.0,0.5076923076923077,0.49230769230769234,0.09016393442622951,F,Timea Bacsinszky,Camila Giorgi,110,0.5327868852459017,hard,aus
303,0.078125,0.6336633663366337,0.0,0.0,0.4642857142857143,0.5357142857142857,0.039603960396039604,F,Camila Giorgi,Timea Bacsinszky,113,0.5544554455445545,hard,aus
304,0.11428571428571428,0.603448275862069,101.6,93.52631578947368,0.46153846153846156,0.5384615384615384,0.06896551724137931,F,Ana Bogdan,Elena Vesnina,70,0.6724137931034483,hard,aus
305,0.12121212121212122,0.5409836065573771,94.18181818181819,80.0,0.6,0.4,0.04918032786885246,F,Elena Vesnina,Ana Bogdan,49,0.4918032786885246,hard,aus
306,0.25,0.5833333333333334,0.0,0.0,0.5428571428571428,0.45714285714285713,0.041666666666666664,F,Maryna Zanevska,Jennifer Brady,67,0.7291666666666666,hard,aus
307,0.06666666666666667,0.47619047619047616,0.0,0.0,0.45161290322580644,0.5483870967741935,0.09523809523809523,F,Jennifer Brady,Maryna Zanevska,44,0.49206349206349204,hard,aus
308,0.12244897959183673,0.5833333333333334,97.63265306122449,79.96666666666667,0.46153846153846156,0.5384615384615384,0.05952380952380952,F,Samantha Stosur,Heather Watson,103,0.6190476190476191,hard,aus
309,0.0821917808219178,0.6822429906542056,106.65753424657534,87.375,0.4642857142857143,0.5357142857142857,0.018691588785046728,F,Heather Watson,Samantha Stosur,88,0.5233644859813084,hard,aus
310,0.05555555555555555,0.6206896551724138,0.0,0.0,0.5,0.5,0.14942528735632185,F,Myrtille Georges,nan,102,0.5517241379310345,hard,aus
311,0.019230769230769232,0.5360824742268041,0.0,0.0,0.4883720930232558,0.5116279069767442,0.13402061855670103,F,nan,Myrtille Georges,82,0.44329896907216493,hard,aus
312,0.02857142857142857,0.7142857142857143,0.0,0.0,0.45714285714285713,0.5428571428571428,0.0,F,Anett Kontaveit,Maria Sakkari,62,0.7142857142857143,hard,aus
313,0.030303030303030304,0.6226415094339622,0.0,0.0,0.5384615384615384,0.46153846153846156,0.11320754716981132,F,Maria Sakkari,Anett Kontaveit,40,0.49056603773584906,hard,aus
314,0.028169014084507043,0.6016949152542372,97.35211267605634,89.21621621621621,0.4225352112676056,0.5774647887323944,0.0847457627118644,F,Qiang Wang,Mirjana Lucic Baroni,109,0.6016949152542372,hard,aus
315,0.0967741935483871,0.6888888888888889,98.96774193548387,75.04166666666667,0.5192307692307693,0.4807692307692308,0.044444444444444446,F,Mirjana Lucic Baroni,Qiang Wang,99,0.5777777777777777,hard,aus
316,0.07142857142857142,0.6086956521739131,96.66666666666667,75.4090909090909,0.41379310344827586,0.5862068965517241,0.07246376811594203,F,Agnieszka Radwanska,Tsvetana Pironkova,57,0.42028985507246375,hard,aus
317,0.05,0.5970149253731343,90.05,68.18518518518519,0.5384615384615384,0.46153846153846156,0.0,F,Tsvetana Pironkova,Agnieszka Radwanska,79,0.582089552238806,hard,aus
318,0.021739130434782608,0.6301369863013698,93.93478260869566,81.75,0.6136363636363636,0.38636363636363635,0.0410958904109589,F,Denisa Allertova,Dominika Cibulkova,81,0.6027397260273972,hard,aus
319,0.0425531914893617,0.6103896103896104,103.57446808510639,92.19047619047619,0.55,0.45,0.11688311688311688,F,Dominika Cibulkova,Denisa Allertova,69,0.5194805194805194,hard,aus
320,0.12,0.4807692307692308,0.0,0.0,0.4782608695652174,0.5217391304347826,0.09615384615384616,F,Su Wei Hsieh,Karin Knapp,40,0.4423076923076923,hard,aus
321,0.0,0.631578947368421,0.0,0.0,0.47619047619047616,0.5238095238095238,0.07894736842105263,F,Karin Knapp,Su Wei Hsieh,50,0.5526315789473685,hard,aus
322,0.0,0.8888888888888888,52.535714285714285,33.166666666666664,0.4594594594594595,0.5405405405405406,0.015873015873015872,F,Risa Ozaki,Sara Errani,76,0.5873015873015873,hard,aus
323,0.0425531914893617,0.6438356164383562,85.31914893617021,68.65384615384616,0.4411764705882353,0.5588235294117647,0.0,F,Sara Errani,Risa Ozaki,60,0.4657534246575342,hard,aus
324,0.2857142857142857,0.4861111111111111,107.0,91.39285714285714,0.46153846153846156,0.5384615384615384,0.125,F,Ekaterina Makarova,Ekaterina Alexandrova,58,0.5416666666666666,hard,aus
325,0.19148936170212766,0.6911764705882353,93.63829787234043,76.15789473684211,0.46938775510204084,0.5306122448979592,0.029411764705882353,F,Ekaterina Alexandrova,Ekaterina Makarova,82,0.7205882352941176,hard,aus
326,0.15789473684210525,0.7916666666666666,99.57894736842105,75.66666666666667,0.5142857142857142,0.4857142857142857,0.020833333333333332,F,Arina Rodionova,Caroline Wozniacki,64,0.7291666666666666,hard,aus
327,0.0,0.7647058823529411,89.56410256410257,73.8,0.5,0.5,0.0392156862745098,F,Caroline Wozniacki,Arina Rodionova,35,0.43137254901960786,hard,aus
328,0.05714285714285714,0.5384615384615384,0.0,0.0,0.5135135135135135,0.4864864864864865,0.07692307692307693,F,Lizette Cabrera,Donna Vekic,78,0.5692307692307692,hard,aus
329,0.021739130434782608,0.6052631578947368,0.0,0.0,0.4,0.6,0.05263157894736842,F,Donna Vekic,Lizette Cabrera,63,0.4605263157894737,hard,aus
330,0.07462686567164178,0.5877192982456141,87.49253731343283,76.2439024390244,0.5492957746478874,0.4507042253521127,0.05263157894736842,F,Naomi Osaka,Luksika Kumkhum,106,0.6228070175438597,hard,aus
331,0.16363636363636364,0.5339805825242718,99.36363636363636,70.02222222222223,0.4852941176470588,0.5147058823529411,0.02912621359223301,F,Luksika Kumkhum,Naomi Osaka,111,0.6601941747572816,hard,aus
332,0.0625,0.5245901639344263,96.21875,79.07407407407408,0.5294117647058824,0.47058823529411764,0.03278688524590164,F,Johanna Konta,Kirsten Flipkens,55,0.5573770491803278,hard,aus
333,0.023809523809523808,0.6363636363636364,99.69047619047619,83.21739130434783,0.5333333333333333,0.4666666666666667,0.015151515151515152,F,Kirsten Flipkens,Johanna Konta,72,0.6818181818181818,hard,aus
334,0.15,0.7547169811320755,98.4,82.53846153846153,0.4864864864864865,0.5135135135135135,0.0,F,Elizaveta Kulichkova,Barbora Strycova,64,0.6981132075471698,hard,aus
335,0.0,0.5263157894736842,99.66666666666667,84.21739130434783,0.5,0.5,0.07017543859649122,F,Barbora Strycova,Elizaveta Kulichkova,46,0.5263157894736842,hard,aus
336,0.0,0.3877551020408163,0.0,0.0,0.38461538461538464,0.6153846153846154,0.04081632653061224,F,Andrea Petkovic,Kayla Day,44,0.5306122448979592,hard,aus
337,0.02564102564102564,0.6290322580645161,0.0,0.0,0.45454545454545453,0.5454545454545454,0.016129032258064516,F,Kayla Day,Andrea Petkovic,67,0.7096774193548387,hard,aus
338,0.09302325581395349,0.7350427350427351,0.0,0.0,0.5384615384615384,0.46153846153846156,0.042735042735042736,F,Oceane Dodin,Cagla Buyukakcay,99,0.5555555555555556,hard,aus
339,0.06,0.5434782608695652,0.0,0.0,0.46551724137931033,0.5344827586206896,0.10869565217391304,F,Cagla Buyukakcay,Oceane Dodin,110,0.6304347826086957,hard,aus
340,0.09090909090909091,0.6567164179104478,91.97727272727273,77.8,0.4722222222222222,0.5277777777777778,0.11940298507462686,F,Caroline Garcia,Kateryna Bondarenko,70,0.5373134328358209,hard,aus
341,0.09523809523809523,0.5316455696202531,101.07142857142857,83.17241379310344,0.4666666666666667,0.5333333333333333,0.10126582278481013,F,Kateryna Bondarenko,Caroline Garcia,76,0.569620253164557,hard,aus
342,0.02,0.5555555555555556,0.0,0.0,0.5510204081632653,0.4489795918367347,0.06666666666666667,F,Nicole Gibbs,Timea Babos,75,0.5444444444444444,hard,aus
343,0.125,0.4266666666666667,0.0,0.0,0.5102040816326531,0.4897959183673469,0.02666666666666667,F,Timea Babos,Nicole Gibbs,90,0.6533333333333333,hard,aus
344,0.10714285714285714,0.5833333333333334,94.375,84.0,0.5,0.5,0.125,F,Lucie Safarova,Yanina Wickmayer,91,0.5833333333333334,hard,aus
345,0.24615384615384617,0.6435643564356436,97.84615384615384,80.62068965517241,0.5,0.5,0.06930693069306931,F,Yanina Wickmayer,Lucie Safarova,106,0.6534653465346535,hard,aus
346,0.0967741935483871,0.5081967213114754,97.70967741935483,86.82142857142857,0.45454545454545453,0.5454545454545454,0.03278688524590164,F,Serena Williams,Belinda Bencic,52,0.5409836065573771,hard,aus
347,0.23529411764705882,0.6071428571428571,103.29411764705883,87.05555555555556,0.5405405405405406,0.4594594594594595,0.07142857142857142,F,Belinda Bencic,Serena Williams,65,0.6607142857142857,hard,aus
348,0.047619047619047616,0.5943396226415094,80.92063492063492,73.75675675675676,0.5396825396825397,0.4603174603174603,0.05660377358490566,F,Carina Witthoeft,Angelique Kerber,107,0.5943396226415094,hard,aus
349,0.046875,0.6881720430107527,97.640625,91.23809523809524,0.5306122448979592,0.46938775510204084,0.08602150537634409,F,Angelique Kerber,Carina Witthoeft,92,0.5268817204301075,hard,aus
350,0.15789473684210525,0.5671641791044776,0.0,0.0,0.4897959183673469,0.5102040816326531,0.0,F,Irina Camelia Begu,Kristyna Pliskova,75,0.7313432835820896,hard,aus
351,0.08888888888888889,0.5844155844155844,0.0,0.0,0.5294117647058824,0.47058823529411764,0.1038961038961039,F,Kristyna Pliskova,Irina Camelia Begu,69,0.6623376623376623,hard,aus
352,0.05,0.5970149253731343,100.0,82.36363636363636,0.45714285714285713,0.5428571428571428,0.07462686567164178,F,Eugenie Bouchard,Shuai Peng,57,0.5223880597014925,hard,aus
353,0.13513513513513514,0.5967741935483871,100.10810810810811,82.80952380952381,0.4,0.6,0.06451612903225806,F,Shuai Peng,Eugenie Bouchard,72,0.6451612903225806,hard,aus
354,0.06521739130434782,0.5822784810126582,102.84782608695652,85.4074074074074,0.4318181818181818,0.5681818181818182,0.0759493670886076,F,CoCo Vandeweghe,Pauline Parmentier,77,0.5569620253164557,hard,aus
355,0.1016949152542373,0.6781609195402298,105.27118644067797,87.75,0.5555555555555556,0.4444444444444444,0.09195402298850575,F,Pauline Parmentier,CoCo Vandeweghe,89,0.6206896551724138,hard,aus
356,0.0,0.717948717948718,82.67857142857143,74.7,0.5757575757575758,0.42424242424242425,0.02564102564102564,F,Sorana Cirstea,nan,60,0.4230769230769231,hard,aus
357,0.0,0.5806451612903226,96.80555555555556,75.71428571428571,0.6,0.4,0.08064516129032258,F,nan,Sorana Cirstea,80,0.5645161290322581,hard,aus
358,0.014705882352941176,0.6355140186915887,90.42647058823529,81.30555555555556,0.5,0.5,0.028037383177570093,F,Shuai Zhang,Alison Riske,115,0.5794392523364486,hard,aus
359,0.014925373134328358,0.6146788990825688,86.31343283582089,77.05263157894737,0.4107142857142857,0.5892857142857143,0.03669724770642202,F,Alison Riske,Shuai Zhang,101,0.5137614678899083,hard,aus
360,0.05714285714285714,0.5555555555555556,0.0,0.0,0.55,0.45,0.047619047619047616,F,Kristina Kucova,Anastasija Sevastova,69,0.6349206349206349,hard,aus
361,0.025,0.6349206349206349,0.0,0.0,0.5294117647058824,0.47058823529411764,0.015873015873015872,F,Anastasija Sevastova,Kristina Kucova,57,0.5396825396825397,hard,aus
362,0.17777777777777778,0.5921052631578947,108.46666666666667,89.5,0.36363636363636365,0.6363636363636364,0.013157894736842105,F,nan,Samantha Crawford,72,0.5789473684210527,hard,aus
363,0.05128205128205128,0.5416666666666666,99.12820512820512,86.09375,0.4318181818181818,0.5681818181818182,0.013888888888888888,F,Samantha Crawford,nan,76,0.6111111111111112,hard,aus
364,0.14705882352941177,0.6181818181818182,99.3529411764706,85.6,0.4838709677419355,0.5161290322580645,0.01818181818181818,F,Ashleigh Barty,Shelby Rogers,45,0.5636363636363636,hard,aus
365,0.1891891891891892,0.6491228070175439,100.86486486486487,85.1,0.5581395348837209,0.4418604651162791,0.0,F,Shelby Rogers,Ashleigh Barty,67,0.7543859649122807,hard,aus
366,0.13513513513513514,0.578125,0.0,0.0,0.5,0.5,0.0625,F,Monica Puig,Mona Barthel,66,0.5,hard,aus
367,0.02702702702702703,0.6166666666666667,0.0,0.0,0.5384615384615384,0.46153846153846156,0.03333333333333333,F,Mona Barthel,Monica Puig,58,0.43333333333333335,hard,aus
368,0.024691358024691357,0.7232142857142857,85.74074074074075,74.73076923076923,0.4915254237288136,0.5084745762711864,0.044642857142857144,F,Ying Ying Duan,Varvara Lepchenko,98,0.5267857142857143,hard,aus
369,0.02531645569620253,0.7452830188679245,91.13924050632912,78.57692307692308,0.5223880597014925,0.47761194029850745,0.009433962264150943,F,Varvara Lepchenko,Ying Ying Duan,120,0.6320754716981132,hard,aus
370,0.1282051282051282,0.527027027027027,103.46153846153847,80.9,0.4722222222222222,0.5277777777777778,0.06756756756756757,F,Venus Williams,Stefanie Voegele,53,0.4864864864864865,hard,aus
371,0.13793103448275862,0.5686274509803921,102.75862068965517,82.57142857142857,0.5,0.5,0.0196078431372549,F,Stefanie Voegele,Venus Williams,72,0.6666666666666666,hard,aus
372,0.14285714285714285,0.509090909090909,95.71428571428571,72.8076923076923,0.4,0.6,0.01818181818181818,F,Julia Boserup,Elina Svitolina,67,0.5454545454545454,hard,aus
373,0.02,0.746268656716418,98.34,80.38461538461539,0.5333333333333333,0.4666666666666667,0.05970149253731343,F,Elina Svitolina,Julia Boserup,55,0.44776119402985076,hard,aus
374,0.0,0.5645161290322581,99.94285714285714,83.4,0.39285714285714285,0.6071428571428571,0.03225806451612903,F,Anastasia Pavlyuchenkova,Natalia Vikhlyantseva,50,0.45161290322580644,hard,aus
375,0.10810810810810811,0.6166666666666667,96.0,83.2,0.5526315789473685,0.4473684210526316,0.05,F,Natalia Vikhlyantseva,Anastasia Pavlyuchenkova,72,0.6333333333333333,hard,aus
376,0.0,0.5972222222222222,99.93023255813954,83.625,0.4883720930232558,0.5116279069767442,0.06944444444444445,F,Julia Goerges,Jelena Jankovic,72,0.5972222222222222,hard,aus
377,0.12121212121212122,0.5689655172413793,106.18181818181819,82.38095238095238,0.4827586206896552,0.5172413793103449,0.06896551724137931,F,Jelena Jankovic,Julia Goerges,58,0.5,hard,aus
378,0.0,0.6056338028169014,90.4186046511628,78.0909090909091,0.45161290322580644,0.5483870967741935,0.08450704225352113,F,Svetlana Kuznetsova,Jaimee Fourlis,52,0.43661971830985913,hard,aus
379,0.02702702702702703,0.6981132075471698,86.91891891891892,76.63636363636364,0.5,0.5,0.09433962264150944,F,Jaimee Fourlis,Svetlana Kuznetsova,72,0.6037735849056604,hard,aus
380,0.32142857142857145,0.6086956521739131,100.57142857142857,87.0,0.53125,0.46875,0.021739130434782608,F,Anna Blinkova,Karolina Pliskova,58,0.6956521739130435,hard,aus
381,0.125,0.3404255319148936,100.375,80.77777777777777,0.5238095238095238,0.47619047619047616,0.0851063829787234,F,Karolina Pliskova,Anna Blinkova,35,0.44680851063829785,hard,aus
382,0.09523809523809523,0.45652173913043476,87.80952380952381,57.9,0.5833333333333334,0.4166666666666667,0.10869565217391304,F,Yulia Putintseva,Jelena Ostapenko,61,0.5217391304347826,hard,aus
383,0.07317073170731707,0.6833333333333333,85.95121951219512,76.53333333333333,0.5652173913043478,0.43478260869565216,0.06666666666666667,F,Jelena Ostapenko,Yulia Putintseva,45,0.38333333333333336,hard,aus
384,0.016666666666666666,0.6521739130434783,91.95,79.48275862068965,0.5510204081632653,0.4489795918367347,0.03260869565217391,F,Ana Konjuh,Daria Gavrilova,85,0.532608695652174,hard,aus
385,0.0975609756097561,0.5189873417721519,110.29268292682927,86.12903225806451,0.5813953488372093,0.4186046511627907,0.08860759493670886,F,Daria Gavrilova,Ana Konjuh,86,0.5443037974683544,hard,aus
386,0.030303030303030304,0.515625,98.96969696969697,71.88461538461539,0.46875,0.53125,0.078125,F,Timea Bacsinszky,Danka Kovinic,62,0.5,hard,aus
387,0.04081632653061224,0.6533333333333333,85.36734693877551,74.375,0.4666666666666667,0.5333333333333333,0.02666666666666667,F,Danka Kovinic,Timea Bacsinszky,77,0.6,hard,aus
388,0.10714285714285714,0.5384615384615384,100.17857142857143,91.34782608695652,0.4722222222222222,0.5277777777777778,0.019230769230769232,F,Mandy Minella,Elena Vesnina,73,0.6923076923076923,hard,aus
389,0.018867924528301886,0.6973684210526315,98.30188679245283,81.3157894736842,0.46153846153846156,0.5384615384615384,0.05263157894736842,F,Elena Vesnina,Mandy Minella,55,0.5131578947368421,hard,aus
390,0.19117647058823528,0.5151515151515151,0.0,0.0,0.4430379746835443,0.5569620253164557,0.045454545454545456,F,Heather Watson,Jennifer Brady,129,0.5984848484848485,hard,aus
391,0.04225352112676056,0.5590551181102362,0.0,0.0,0.5194805194805194,0.4805194805194805,0.047244094488188976,F,Jennifer Brady,Heather Watson,130,0.6062992125984252,hard,aus
392,0.0,0.59375,93.82456140350877,79.6774193548387,0.43137254901960786,0.5686274509803921,0.08333333333333333,F,Maria Sakkari,nan,96,0.53125,hard,aus
393,0.04054054054054054,0.6915887850467289,90.32432432432432,77.78125,0.46774193548387094,0.532258064516129,0.009345794392523364,F,nan,Maria Sakkari,107,0.5794392523364486,hard,aus
394,0.06666666666666667,0.6521739130434783,104.23333333333333,89.07142857142857,0.5,0.5,0.043478260869565216,F,Agnieszka Radwanska,Mirjana Lucic Baroni,59,0.6086956521739131,hard,aus
395,0.03125,0.5818181818181818,91.40625,72.52631578947368,0.5,0.5,0.07272727272727272,F,Mirjana Lucic Baroni,Agnieszka Radwanska,42,0.43636363636363634,hard,aus
396,0.018867924528301886,0.654320987654321,93.41509433962264,79.96,0.46938775510204084,0.5306122448979592,0.037037037037037035,F,Su Wei Hsieh,Dominika Cibulkova,81,0.6049382716049383,hard,aus
397,0.019230769230769232,0.7222222222222222,82.21153846153847,72.55,0.525,0.475,0.0,F,Dominika Cibulkova,Su Wei Hsieh,72,0.5555555555555556,hard,aus
398,0.0,0.7708333333333334,74.45945945945945,25.5,0.7222222222222222,0.2777777777777778,0.020833333333333332,F,Ekaterina Makarova,Sara Errani,43,0.375,hard,aus
399,0.05263157894736842,0.7307692307692307,95.3157894736842,77.25,0.5185185185185185,0.48148148148148145,0.038461538461538464,F,Sara Errani,Ekaterina Makarova,57,0.5192307692307693,hard,aus
400,0.0,0.6226415094339622,93.36363636363636,76.8,0.53125,0.46875,0.09433962264150944,F,Donna Vekic,Caroline Wozniacki,64,0.6037735849056604,hard,aus
401,0.09090909090909091,0.6,101.21212121212122,83.05263157894737,0.6086956521739131,0.391304347826087,0.05454545454545454,F,Caroline Wozniacki,Donna Vekic,44,0.41818181818181815,hard,aus
402,0.14285714285714285,0.660377358490566,98.65714285714286,71.4375,0.4482758620689655,0.5517241379310345,0.03773584905660377,F,Johanna Konta,Naomi Osaka,42,0.5471698113207547,hard,aus
403,0.25,0.6792452830188679,99.72222222222223,85.625,0.45,0.55,0.018867924528301886,F,Naomi Osaka,Johanna Konta,64,0.7547169811320755,hard,aus
404,0.037037037037037035,0.72,97.62962962962963,78.22222222222223,0.4772727272727273,0.5227272727272727,0.04,F,Andrea Petkovic,Barbora Strycova,74,0.5866666666666667,hard,aus
405,0.0,0.5490196078431373,75.82142857142857,65.80952380952381,0.38095238095238093,0.6190476190476191,0.0392156862745098,F,Barbora Strycova,Andrea Petkovic,52,0.4117647058823529,hard,aus
406,0.14814814814814814,0.5510204081632653,108.9074074074074,88.82352941176471,0.47619047619047616,0.5238095238095238,0.10204081632653061,F,Caroline Garcia,Oceane Dodin,99,0.6428571428571429,hard,aus
407,0.09523809523809523,0.6116504854368932,98.17460317460318,81.44444444444444,0.5074626865671642,0.4925373134328358,0.038834951456310676,F,Oceane Dodin,Caroline Garcia,102,0.6504854368932039,hard,aus
408,0.058823529411764705,0.68,0.0,0.0,0.5333333333333333,0.4666666666666667,0.02,F,Irina Falconi,Nicole Gibbs,74,0.6,hard,aus
409,0.0,0.45569620253164556,0.0,0.0,0.5428571428571428,0.45714285714285713,0.0759493670886076,F,Nicole Gibbs,Irina Falconi,55,0.4430379746835443,hard,aus
410,0.21875,0.5517241379310345,96.25,80.21739130434783,0.4166666666666667,0.5833333333333334,0.05172413793103448,F,Serena Williams,Lucie Safarova,60,0.6206896551724138,hard,aus
411,0.2916666666666667,0.64,108.25,91.23809523809524,0.5490196078431373,0.45098039215686275,0.08,F,Lucie Safarova,Serena Williams,73,0.68,hard,aus
412,0.0,0.6538461538461539,86.29411764705883,78.57142857142857,0.46875,0.53125,0.07692307692307693,F,Kristyna Pliskova,Angelique Kerber,56,0.6153846153846154,hard,aus
413,0.2222222222222222,0.6,102.81481481481481,80.33333333333333,0.42857142857142855,0.5714285714285714,0.06666666666666667,F,Angelique Kerber,Kristyna Pliskova,41,0.4666666666666667,hard,aus
414,0.04918032786885246,0.5258620689655172,102.29508196721312,85.19607843137256,0.4861111111111111,0.5138888888888888,0.034482758620689655,F,CoCo Vandeweghe,Eugenie Bouchard,98,0.6206896551724138,hard,aus
415,0.21153846153846154,0.5909090909090909,108.03846153846153,92.65517241379311,0.46774193548387094,0.532258064516129,0.07954545454545454,F,Eugenie Bouchard,CoCo Vandeweghe,106,0.7045454545454546,hard,aus
416,0.15151515151515152,0.559322033898305,99.21212121212122,78.68,0.4146341463414634,0.5853658536585366,0.01694915254237288,F,Alison Riske,Sorana Cirstea,74,0.6949152542372882,hard,aus
417,0.05,0.6060606060606061,90.525,81.63636363636364,0.5454545454545454,0.45454545454545453,0.06060606060606061,F,Sorana Cirstea,Alison Riske,51,0.5,hard,aus
418,0.0967741935483871,0.5740740740740741,99.74193548387096,81.82608695652173,0.5,0.5,0.0,F,nan,Anastasija Sevastova,42,0.48148148148148145,hard,aus
419,0.15625,0.6666666666666666,98.78125,83.21428571428571,0.5625,0.4375,0.041666666666666664,F,Anastasija Sevastova,nan,60,0.6666666666666666,hard,aus
420,0.07017543859649122,0.7037037037037037,99.47368421052632,85.95454545454545,0.49056603773584906,0.5094339622641509,0.024691358024691357,F,Mona Barthel,Ashleigh Barty,95,0.654320987654321,hard,aus
421,0.04838709677419355,0.5794392523364486,99.33870967741936,79.3,0.5076923076923077,0.49230769230769234,0.04672897196261682,F,Ashleigh Barty,Mona Barthel,93,0.6074766355140186,hard,aus
422,0.03225806451612903,0.6078431372549019,96.7741935483871,83.52941176470588,0.47619047619047616,0.5238095238095238,0.058823529411764705,F,Venus Williams,Ying Ying Duan,35,0.4117647058823529,hard,aus
423,0.11538461538461539,0.5777777777777777,105.53846153846153,77.82352941176471,0.4838709677419355,0.5161290322580645,0.044444444444444446,F,Ying Ying Duan,Venus Williams,61,0.6888888888888889,hard,aus
424,0.12,0.5813953488372093,99.08,72.63636363636364,0.5208333333333334,0.4791666666666667,0.03488372093023256,F,Anastasia Pavlyuchenkova,Elina Svitolina,104,0.5581395348837209,hard,aus
425,0.06493506493506493,0.5968992248062015,100.54545454545455,88.16279069767442,0.547945205479452,0.4520547945205479,0.06976744186046512,F,Elina Svitolina,Anastasia Pavlyuchenkova,111,0.5658914728682171,hard,aus
426,0.011363636363636364,0.5866666666666667,97.2840909090909,80.49090909090908,0.46835443037974683,0.5316455696202531,0.04666666666666667,F,Svetlana Kuznetsova,Jelena Jankovic,136,0.5266666666666666,hard,aus
427,0.05,0.625,94.85,75.97560975609755,0.5211267605633803,0.4788732394366197,0.0546875,F,Jelena Jankovic,Svetlana Kuznetsova,142,0.5546875,hard,aus
428,0.2923076923076923,0.7386363636363636,102.07692307692308,84.0,0.5161290322580645,0.4838709677419355,0.022727272727272728,F,Jelena Ostapenko,Karolina Pliskova,112,0.7045454545454546,hard,aus
429,0.047619047619047616,0.5833333333333334,96.68253968253968,69.7948717948718,0.5344827586206896,0.46551724137931033,0.05555555555555555,F,Karolina Pliskova,Jelena Ostapenko,84,0.5370370370370371,hard,aus
430,0.03773584905660377,0.6022727272727273,93.56603773584905,77.3125,0.4897959183673469,0.5102040816326531,0.03409090909090909,F,Timea Bacsinszky,Daria Gavrilova,103,0.5568181818181818,hard,aus
431,0.056338028169014086,0.6761904761904762,89.46478873239437,78.7,0.37254901960784315,0.6274509803921569,0.0380952380952381,F,Daria Gavrilova,Timea Bacsinszky,90,0.4857142857142857,hard,aus
432,0.08108108108108109,0.5606060606060606,94.67567567567568,89.3913043478261,0.6285714285714286,0.37142857142857144,0.09090909090909091,F,Jennifer Brady,Elena Vesnina,56,0.5303030303030303,hard,aus
433,0.3333333333333333,0.47619047619047616,108.76666666666667,87.34375,0.47619047619047616,0.5238095238095238,0.015873015873015872,F,Elena Vesnina,Jennifer Brady,73,0.6666666666666666,hard,aus
434,0.0,0.7209302325581395,92.29032258064517,78.3913043478261,0.5,0.5,0.011627906976744186,F,Mirjana Lucic Baroni,Maria Sakkari,77,0.5348837209302325,hard,aus
435,0.03773584905660377,0.6625,96.24528301886792,86.04761904761905,0.5510204081632653,0.4489795918367347,0.075,F,Maria Sakkari,Mirjana Lucic Baroni,89,0.6125,hard,aus
436,0.0,0.6391752577319587,91.2741935483871,79.87096774193549,0.5384615384615384,0.46153846153846156,0.041237113402061855,F,Ekaterina Makarova,Dominika Cibulkova,100,0.5360824742268041,hard,aus
437,0.06666666666666667,0.6521739130434783,95.2,74.11111111111111,0.5522388059701493,0.44776119402985076,0.034782608695652174,F,Dominika Cibulkova,Ekaterina Makarova,112,0.5826086956521739,hard,aus
438,0.0,0.6346153846153846,97.24242424242425,77.58823529411765,0.46153846153846156,0.5384615384615384,0.038461538461538464,F,Johanna Konta,Caroline Wozniacki,40,0.5,hard,aus
439,0.20689655172413793,0.5918367346938775,104.03448275862068,93.82352941176471,0.45714285714285713,0.5428571428571428,0.061224489795918366,F,Caroline Wozniacki,Johanna Konta,61,0.7142857142857143,hard,aus
440,0.10810810810810811,0.6166666666666667,97.97297297297297,79.65,0.43902439024390244,0.5609756097560976,0.05,F,Caroline Garcia,Barbora Strycova,68,0.6833333333333333,hard,aus
441,0.02564102564102564,0.6610169491525424,100.0,82.3529411764706,0.40625,0.59375,0.05084745762711865,F,Barbora Strycova,Caroline Garcia,51,0.5423728813559322,hard,aus
442,0.037037037037037035,0.5,96.11111111111111,84.18181818181819,0.52,0.48,0.09259259259259259,F,Serena Williams,Nicole Gibbs,39,0.46296296296296297,hard,aus
443,0.17391304347826086,0.5,106.65217391304348,89.3157894736842,0.53125,0.46875,0.08695652173913043,F,Nicole Gibbs,Serena Williams,61,0.6956521739130435,hard,aus
444,0.0,0.5909090909090909,89.73076923076923,79.25,0.45454545454545453,0.5454545454545454,0.045454545454545456,F,CoCo Vandeweghe,Angelique Kerber,40,0.5,hard,aus
445,0.2222222222222222,0.5094339622641509,107.44444444444444,90.83333333333333,0.45714285714285713,0.5428571428571428,0.03773584905660377,F,Angelique Kerber,CoCo Vandeweghe,57,0.660377358490566,hard,aus
446,0.030303030303030304,0.5789473684210527,100.57575757575758,80.23809523809524,0.5666666666666667,0.43333333333333335,0.05263157894736842,F,nan,Sorana Cirstea,37,0.5263157894736842,hard,aus
447,0.07142857142857142,0.6829268292682927,100.32142857142857,85.38461538461539,0.5,0.5,0.0,F,Sorana Cirstea,nan,61,0.8292682926829268,hard,aus
448,0.020833333333333332,0.6956521739130435,97.22916666666667,81.9,0.5135135135135135,0.4864864864864865,0.014492753623188406,F,Venus Williams,Mona Barthel,63,0.5362318840579711,hard,aus
449,0.08163265306122448,0.6533333333333333,100.71428571428571,84.3157894736842,0.5306122448979592,0.46938775510204084,0.09333333333333334,F,Mona Barthel,Venus Williams,81,0.6533333333333333,hard,aus
450,0.03225806451612903,0.6595744680851063,98.83870967741936,85.06666666666666,0.4838709677419355,0.5161290322580645,0.02127659574468085,F,Svetlana Kuznetsova,Anastasia Pavlyuchenkova,64,0.6595744680851063,hard,aus
451,0.023255813953488372,0.6615384615384615,93.27906976744185,83.05,0.5625,0.4375,0.03076923076923077,F,Anastasia Pavlyuchenkova,Svetlana Kuznetsova,48,0.49230769230769234,hard,aus
452,0.3548387096774194,0.6078431372549019,104.38709677419355,87.25,0.5454545454545454,0.45454545454545453,0.0784313725490196,F,Daria Gavrilova,Karolina Pliskova,69,0.6470588235294118,hard,aus
453,0.11764705882352941,0.4857142857142857,97.41176470588235,80.03030303030303,0.47058823529411764,0.5294117647058824,0.04285714285714286,F,Karolina Pliskova,Daria Gavrilova,52,0.4857142857142857,hard,aus
454,0.0,0.3728813559322034,109.68181818181819,86.56666666666666,0.4838709677419355,0.5161290322580645,0.11864406779661017,F,Mirjana Lucic Baroni,Jennifer Brady,52,0.5254237288135594,hard,aus
455,0.13793103448275862,0.4915254237288136,105.79310344827586,89.10714285714286,0.5263157894736842,0.47368421052631576,0.03389830508474576,F,Jennifer Brady,Mirjana Lucic Baroni,66,0.6440677966101694,hard,aus
456,0.034482758620689655,0.6304347826086957,94.34482758620689,78.07692307692308,0.43478260869565216,0.5652173913043478,0.08695652173913043,F,Johanna Konta,Ekaterina Makarova,39,0.5,hard,aus
457,0.2571428571428571,0.660377358490566,103.17142857142858,92.3125,0.40540540540540543,0.5945945945945946,0.03773584905660377,F,Ekaterina Makarova,Johanna Konta,60,0.6981132075471698,hard,aus
458,0.02,0.6493506493506493,99.56,83.24,0.5263157894736842,0.47368421052631576,0.025974025974025976,F,Serena Williams,Barbora Strycova,66,0.4935064935064935,hard,aus
459,0.14814814814814814,0.45,103.07407407407408,83.96666666666667,0.53125,0.46875,0.05,F,Barbora Strycova,Serena Williams,71,0.5333333333333333,hard,aus
460,0.2,0.5208333333333334,110.24,90.35,0.5,0.5,0.0625,F,nan,CoCo Vandeweghe,69,0.7083333333333334,hard,aus
461,0.07894736842105263,0.5588235294117647,99.26315789473684,85.53846153846153,0.48484848484848486,0.5151515151515151,0.058823529411764705,F,CoCo Vandeweghe,nan,47,0.4852941176470588,hard,aus
462,0.09523809523809523,0.6086956521739131,101.69047619047619,84.92307692307692,0.525,0.475,0.014492753623188406,F,Anastasia Pavlyuchenkova,Venus Williams,83,0.5797101449275363,hard,aus
463,0.04081632653061224,0.5903614457831325,99.14285714285714,87.76,0.425,0.575,0.10843373493975904,F,Venus Williams,Anastasia Pavlyuchenkova,69,0.4819277108433735,hard,aus
464,0.16326530612244897,0.5833333333333334,102.04081632653062,85.88235294117646,0.475,0.525,0.011904761904761904,F,Mirjana Lucic Baroni,Karolina Pliskova,78,0.47619047619047616,hard,aus
465,0.1956521739130435,0.5609756097560976,102.47826086956522,87.35483870967742,0.45454545454545453,0.5454545454545454,0.06097560975609756,F,Karolina Pliskova,Mirjana Lucic Baroni,88,0.5365853658536586,hard,aus
466,0.06666666666666667,0.6,101.26666666666667,90.82352941176471,0.46153846153846156,0.5384615384615384,0.06,F,Serena Williams,Johanna Konta,45,0.52,hard,aus
467,0.34615384615384615,0.4482758620689655,106.0,94.53333333333333,0.5128205128205128,0.48717948717948717,0.034482758620689655,F,Johanna Konta,Serena Williams,63,0.6724137931034483,hard,aus
468,0.19230769230769232,0.5473684210526316,108.36538461538461,88.75,0.4107142857142857,0.5892857142857143,0.11578947368421053,F,Venus Williams,CoCo Vandeweghe,96,0.5894736842105263,hard,aus
469,0.1774193548387097,0.5740740740740741,104.98387096774194,85.8780487804878,0.5,0.5,0.046296296296296294,F,CoCo Vandeweghe,Venus Williams,107,0.6296296296296297,hard,aus
470,0.1,0.5882352941176471,103.53333333333333,89.33333333333333,0.4782608695652174,0.5217391304347826,0.11764705882352941,F,Serena Williams,Mirjana Lucic Baroni,33,0.45098039215686275,hard,aus
471,0.11538461538461539,0.6842105263157895,105.26923076923077,90.44444444444444,0.42857142857142855,0.5714285714285714,0.07894736842105263,F,Mirjana Lucic Baroni,Serena Williams,56,0.7368421052631579,hard,aus
