,ad_acepercentage,ad_firstservepercentage,deuce_acepercentage,deuce_firstservepercentage,gender,opponent,player,surface,tournament
0,0.0,0.4186046511627907,1.0,0.5813953488372093,M,Alexander Bublik,Andy Murray,grass,wimbledon
1,0.5714285714285714,0.5081967213114754,0.42857142857142855,0.4918032786885246,M,Andy Murray,Alexander Bublik,grass,wimbledon
2,0.1,0.43209876543209874,0.9,0.5679012345679012,M,Dustin Brown,Joao Sousa,grass,wimbledon
3,0.46153846153846156,0.475,0.5384615384615384,0.525,M,Joao Sousa,Dustin Brown,grass,wimbledon
4,0.6,0.4742268041237113,0.4,0.5257731958762887,M,Illya Marchenko,Jiri Vesely,grass,wimbledon
5,0.3684210526315789,0.5,0.631578947368421,0.5,M,Jiri Vesely,Illya Marchenko,grass,wimbledon
6,0.0,0.4696969696969697,0.0,0.5303030303030303,M,Fabio Fognini,Dmitry Tursunov,grass,wimbledon
7,0.6666666666666666,0.5,0.3333333333333333,0.5,M,Dmitry Tursunov,Fabio Fognini,grass,wimbledon
8,0.6666666666666666,0.47368421052631576,0.3333333333333333,0.5263157894736842,M,Pierre Hugues Herbert,Nick Kyrgios,grass,wimbledon
9,0.7777777777777778,0.5151515151515151,0.2222222222222222,0.48484848484848486,M,Nick Kyrgios,Pierre Hugues Herbert,grass,wimbledon
10,0.5,0.5,0.5,0.5,M,Benoit Paire,Rogerio Dutra Silva,grass,wimbledon
11,0.4,0.5,0.6,0.5,M,Rogerio Dutra Silva,Benoit Paire,grass,wimbledon
12,0.4117647058823529,0.5342465753424658,0.5882352941176471,0.4657534246575342,M,Jerzy Janowicz,Denis Shapovalov,grass,wimbledon
13,0.25,0.41333333333333333,0.75,0.5866666666666667,M,Denis Shapovalov,Jerzy Janowicz,grass,wimbledon
14,0.6666666666666666,0.47368421052631576,0.3333333333333333,0.5263157894736842,M,Lucas Pouille,Malek Jaziri,grass,wimbledon
15,0.5833333333333334,0.5205479452054794,0.4166666666666667,0.4794520547945205,M,Malek Jaziri,Lucas Pouille,grass,wimbledon
16,0.25,0.4473684210526316,0.75,0.5526315789473685,M,Cameron Norrie,Jo Wilfried Tsonga,grass,wimbledon
17,0.3333333333333333,0.5357142857142857,0.6666666666666666,0.4642857142857143,M,Jo Wilfried Tsonga,Cameron Norrie,grass,wimbledon
18,0.2,0.4603174603174603,0.8,0.5396825396825397,M,Yen Hsun Lu,Simone Bolelli,grass,wimbledon
19,0.8,0.5645161290322581,0.2,0.43548387096774194,M,Simone Bolelli,Yen Hsun Lu,grass,wimbledon
20,0.0,0.4827586206896552,0.0,0.5172413793103449,M,Nikoloz Basilashvili,Carlos Berlocq,grass,wimbledon
21,1.0,0.453125,0.0,0.546875,M,Carlos Berlocq,Nikoloz Basilashvili,grass,wimbledon
22,1.0,0.5362318840579711,0.0,0.463768115942029,M,Sam Querrey,Thomas Fabbiano,grass,wimbledon
23,0.5,0.5666666666666667,0.5,0.43333333333333335,M,Thomas Fabbiano,Sam Querrey,grass,wimbledon
24,0.6666666666666666,0.4470588235294118,0.3333333333333333,0.5529411764705883,M,Kevin Anderson,Fernando Verdasco,grass,wimbledon
25,0.48,0.4845360824742268,0.52,0.5154639175257731,M,Fernando Verdasco,Kevin Anderson,grass,wimbledon
26,0.8,0.5294117647058824,0.2,0.47058823529411764,M,Andreas Seppi,Norbert Gombos,grass,wimbledon
27,0.7142857142857143,0.5416666666666666,0.2857142857142857,0.4583333333333333,M,Norbert Gombos,Andreas Seppi,grass,wimbledon
28,0.7142857142857143,0.5185185185185185,0.2857142857142857,0.48148148148148145,M,Ruben Bemelmans,Tommy Haas,grass,wimbledon
29,0.6666666666666666,0.4782608695652174,0.3333333333333333,0.5217391304347826,M,Tommy Haas,Ruben Bemelmans,grass,wimbledon
30,0.5,0.4647887323943662,0.5,0.5352112676056338,M,Stan Wawrinka,Daniil Medvedev,grass,wimbledon
31,0.0,0.4696969696969697,1.0,0.5303030303030303,M,Daniil Medvedev,Stan Wawrinka,grass,wimbledon
32,0.2,0.44680851063829785,0.8,0.5531914893617021,M,John Millman,Rafael Nadal,grass,wimbledon
33,0.6,0.5333333333333333,0.4,0.4666666666666667,M,Rafael Nadal,John Millman,grass,wimbledon
34,0.6,0.45588235294117646,0.4,0.5441176470588235,M,Denis Istomin,Donald Young,grass,wimbledon
35,0.5,0.5217391304347826,0.5,0.4782608695652174,M,Donald Young,Denis Istomin,grass,wimbledon
36,0.5714285714285714,0.4854368932038835,0.42857142857142855,0.5145631067961165,M,Andrew Whittington,Thiago Monteiro,grass,wimbledon
37,0.6666666666666666,0.5512820512820513,0.3333333333333333,0.44871794871794873,M,Thiago Monteiro,Andrew Whittington,grass,wimbledon
38,0.5454545454545454,0.5116279069767442,0.45454545454545453,0.4883720930232558,M,Karen Khachanov,Andrey Kuznetsov,grass,wimbledon
39,0.5454545454545454,0.5,0.45454545454545453,0.5,M,Andrey Kuznetsov,Karen Khachanov,grass,wimbledon
40,0.5675675675675675,0.5317460317460317,0.43243243243243246,0.46825396825396826,M,Aljaz Bedene,Ivo Karlovic,grass,wimbledon
41,0.5238095238095238,0.4846153846153846,0.47619047619047616,0.5153846153846153,M,Ivo Karlovic,Aljaz Bedene,grass,wimbledon
42,0.0,0.5348837209302325,0.0,0.46511627906976744,M,Renzo Olivo,Damir Dzumhur,grass,wimbledon
43,1.0,0.5,0.0,0.5,M,Damir Dzumhur,Renzo Olivo,grass,wimbledon
44,0.42857142857142855,0.4722222222222222,0.5714285714285714,0.5277777777777778,M,Henri Laaksonen,Lukas Rosol,grass,wimbledon
45,0.4,0.5,0.6,0.5,M,Lukas Rosol,Henri Laaksonen,grass,wimbledon
46,0.5555555555555556,0.42,0.4444444444444444,0.58,M,Gilles Muller,Marton Fucsovics,grass,wimbledon
47,0.2857142857142857,0.4827586206896552,0.7142857142857143,0.5172413793103449,M,Marton Fucsovics,Gilles Muller,grass,wimbledon
48,0.8571428571428571,0.5128205128205128,0.14285714285714285,0.48717948717948717,M,Marco Cecchinato,Kei Nishikori,grass,wimbledon
49,0.5,0.5,0.5,0.5,M,Kei Nishikori,Marco Cecchinato,grass,wimbledon
50,0.75,0.4838709677419355,0.25,0.5161290322580645,M,Sergiy Stakhovsky,Julien Benneteau,grass,wimbledon
51,0.35294117647058826,0.44776119402985076,0.6470588235294118,0.5522388059701493,M,Julien Benneteau,Sergiy Stakhovsky,grass,wimbledon
52,0.6,0.5245901639344263,0.4,0.47540983606557374,M,Marius Copil,Peter Gojowczyk,grass,wimbledon
53,0.36363636363636365,0.4878048780487805,0.6363636363636364,0.5121951219512195,M,Peter Gojowczyk,Marius Copil,grass,wimbledon
54,0.3333333333333333,0.52,0.6666666666666666,0.48,M,Roberto Bautista Agut,Andreas Haider Maurer,grass,wimbledon
55,0.4,0.5,0.6,0.5,M,Andreas Haider Maurer,Roberto Bautista Agut,grass,wimbledon
56,0.18181818181818182,0.4603174603174603,0.8181818181818182,0.5396825396825397,M,Nicolas Kicker,Steve Johnson,grass,wimbledon
57,0.3333333333333333,0.5084745762711864,0.6666666666666666,0.4915254237288136,M,Steve Johnson,Nicolas Kicker,grass,wimbledon
58,0.2727272727272727,0.5,0.7272727272727273,0.5,M,Radu Albot,Facundo Bagnis,grass,wimbledon
59,0.25,0.509090909090909,0.75,0.4909090909090909,M,Facundo Bagnis,Radu Albot,grass,wimbledon
60,0.0,0.36363636363636365,0.0,0.6363636363636364,M,Florian Mayer,Viktor Troicki,grass,wimbledon
61,0.5,0.38461538461538464,0.5,0.6153846153846154,M,Viktor Troicki,Florian Mayer,grass,wimbledon
62,0.3333333333333333,0.4745762711864407,0.6666666666666666,0.5254237288135594,M,Marin Cilic,Philipp Kohlschreiber,grass,wimbledon
63,0.4666666666666667,0.42857142857142855,0.5333333333333333,0.5714285714285714,M,Philipp Kohlschreiber,Marin Cilic,grass,wimbledon
64,0.7222222222222222,0.5135135135135135,0.2777777777777778,0.4864864864864865,M,Jan Lennard Struff,Milos Raonic,grass,wimbledon
65,0.6666666666666666,0.48214285714285715,0.3333333333333333,0.5178571428571429,M,Milos Raonic,Jan Lennard Struff,grass,wimbledon
66,0.25,0.4533333333333333,0.75,0.5466666666666666,M,Nicolas Mahut,Mikhail Youzhny,grass,wimbledon
67,0.5,0.4339622641509434,0.5,0.5660377358490566,M,Mikhail Youzhny,Nicolas Mahut,grass,wimbledon
68,0.5,0.5046728971962616,0.5,0.4953271028037383,M,Stefano Travaglia,Andrey Rublev,grass,wimbledon
69,0.6,0.47959183673469385,0.4,0.5204081632653061,M,Andrey Rublev,Stefano Travaglia,grass,wimbledon
70,0.2,0.5,0.8,0.5,M,Albert Ramos Vinolas,Jordan Thompson,grass,wimbledon
71,0.6666666666666666,0.46511627906976744,0.3333333333333333,0.5348837209302325,M,Jordan Thompson,Albert Ramos Vinolas,grass,wimbledon
72,0.3333333333333333,0.5245901639344263,0.6666666666666666,0.47540983606557374,M,Christian Garin,Jack Sock,grass,wimbledon
73,0.8,0.4461538461538462,0.2,0.5538461538461539,M,Jack Sock,Christian Garin,grass,wimbledon
74,0.3333333333333333,0.43243243243243246,0.6666666666666666,0.5675675675675675,M,Sebastian Ofner,Thomaz Bellucci,grass,wimbledon
75,0.75,0.46153846153846156,0.25,0.5384615384615384,M,Thomaz Bellucci,Sebastian Ofner,grass,wimbledon
76,0.46153846153846156,0.5113636363636364,0.5384615384615384,0.48863636363636365,M,Frances Tiafoe,Robin Haase,grass,wimbledon
77,0.4,0.4691358024691358,0.6,0.5308641975308642,M,Robin Haase,Frances Tiafoe,grass,wimbledon
78,0.42857142857142855,0.44,0.5714285714285714,0.56,M,Alexander Zverev,Evgeny Donskoy,grass,wimbledon
79,0.6428571428571429,0.4927536231884058,0.35714285714285715,0.5072463768115942,M,Evgeny Donskoy,Alexander Zverev,grass,wimbledon
80,0.7777777777777778,0.4489795918367347,0.2222222222222222,0.5510204081632653,M,Diego Schwartzman,Grigor Dimitrov,grass,wimbledon
81,0.5,0.4791666666666667,0.5,0.5208333333333334,M,Grigor Dimitrov,Diego Schwartzman,grass,wimbledon
82,0.5,0.46551724137931033,0.5,0.5344827586206896,M,Marcos Baghdatis,James Ward,grass,wimbledon
83,0.47058823529411764,0.4772727272727273,0.5294117647058824,0.5227272727272727,M,James Ward,Marcos Baghdatis,grass,wimbledon
84,0.0,0.4574468085106383,0.0,0.5425531914893617,M,Marcel Granollers,Dudi Sela,grass,wimbledon
85,0.5,0.55,0.5,0.45,M,Dudi Sela,Marcel Granollers,grass,wimbledon
86,0.6666666666666666,0.52,0.3333333333333333,0.48,M,John Isner,Taylor Fritz,grass,wimbledon
87,0.43478260869565216,0.53125,0.5652173913043478,0.46875,M,Taylor Fritz,John Isner,grass,wimbledon
88,0.4117647058823529,0.4375,0.5882352941176471,0.5625,M,Bernard Tomic,Mischa Zverev,grass,wimbledon
89,0.5,0.5256410256410257,0.5,0.47435897435897434,M,Mischa Zverev,Bernard Tomic,grass,wimbledon
90,0.5454545454545454,0.4725274725274725,0.45454545454545453,0.5274725274725275,M,Taro Daniel,Mikhail Kukushkin,grass,wimbledon
91,0.2,0.45121951219512196,0.8,0.5487804878048781,M,Mikhail Kukushkin,Taro Daniel,grass,wimbledon
92,0.45454545454545453,0.4897959183673469,0.5454545454545454,0.5102040816326531,M,Dusan Lajovic,Stefanos Tsitsipas,grass,wimbledon
93,0.75,0.5217391304347826,0.25,0.4782608695652174,M,Stefanos Tsitsipas,Dusan Lajovic,grass,wimbledon
94,0.0,0.5217391304347826,1.0,0.4782608695652174,M,Roger Federer,Alexandr Dolgopolov,grass,wimbledon
95,0.5,0.5185185185185185,0.5,0.48148148148148145,M,Alexandr Dolgopolov,Roger Federer,grass,wimbledon
96,0.25,0.38235294117647056,0.75,0.6176470588235294,M,Vasek Pospisil,Dominic Thiem,grass,wimbledon
97,0.7142857142857143,0.532258064516129,0.2857142857142857,0.46774193548387094,M,Dominic Thiem,Vasek Pospisil,grass,wimbledon
98,0.4,0.4666666666666667,0.6,0.5333333333333333,M,Nicolas Jarry,Gilles Simon,grass,wimbledon
99,0.875,0.52,0.125,0.48,M,Gilles Simon,Nicolas Jarry,grass,wimbledon
100,0.0,0.4,0.0,0.6,M,Jared Donaldson,Janko Tipsarevic,grass,wimbledon
101,0.0,0.3333333333333333,1.0,0.6666666666666666,M,Janko Tipsarevic,Jared Donaldson,grass,wimbledon
102,0.46153846153846156,0.47560975609756095,0.5384615384615384,0.524390243902439,M,Paolo Lorenzi,Horacio Zeballos,grass,wimbledon
103,0.5,0.5113636363636364,0.5,0.48863636363636365,M,Horacio Zeballos,Paolo Lorenzi,grass,wimbledon
104,0.0,0.5352112676056338,0.0,0.4647887323943662,M,David Ferrer,Richard Gasquet,grass,wimbledon
105,1.0,0.47058823529411764,0.0,0.5294117647058824,M,Richard Gasquet,David Ferrer,grass,wimbledon
106,0.5555555555555556,0.4659090909090909,0.4444444444444444,0.5340909090909091,M,Ricardas Berankis,Steve Darcis,grass,wimbledon
107,1.0,0.47959183673469385,0.0,0.5204081632653061,M,Steve Darcis,Ricardas Berankis,grass,wimbledon
108,0.3333333333333333,0.5151515151515151,0.6666666666666666,0.48484848484848486,M,Ryan Harrison,Borna Coric,grass,wimbledon
109,0.5625,0.47368421052631576,0.4375,0.5263157894736842,M,Borna Coric,Ryan Harrison,grass,wimbledon
110,0.5882352941176471,0.5064935064935064,0.4117647058823529,0.4935064935064935,M,Tomas Berdych,Jeremy Chardy,grass,wimbledon
111,0.25,0.5,0.75,0.5,M,Jeremy Chardy,Tomas Berdych,grass,wimbledon
112,0.7142857142857143,0.5882352941176471,0.2857142857142857,0.4117647058823529,M,Daniel Brands,Gael Monfils,grass,wimbledon
113,0.4,0.4794520547945205,0.6,0.5205479452054794,M,Gael Monfils,Daniel Brands,grass,wimbledon
114,0.875,0.5416666666666666,0.125,0.4583333333333333,M,Alexander Ward,Kyle Edmund,grass,wimbledon
115,0.6666666666666666,0.5588235294117647,0.3333333333333333,0.4411764705882353,M,Kyle Edmund,Alexander Ward,grass,wimbledon
116,1.0,0.5,0.0,0.5,M,Brydan Klein,Yuichi Sugita,grass,wimbledon
117,0.5,0.4528301886792453,0.5,0.5471698113207547,M,Yuichi Sugita,Brydan Klein,grass,wimbledon
118,0.5833333333333334,0.5147058823529411,0.4166666666666667,0.4852941176470588,M,Feliciano Lopez,Adrian Mannarino,grass,wimbledon
119,0.5833333333333334,0.5510204081632653,0.4166666666666667,0.4489795918367347,M,Adrian Mannarino,Feliciano Lopez,grass,wimbledon
120,0.29411764705882354,0.4835164835164835,0.7058823529411765,0.5164835164835165,M,Thanasi Kokkinakis,Juan Martin Del Potro,grass,wimbledon
121,0.4375,0.5068493150684932,0.5625,0.4931506849315068,M,Juan Martin Del Potro,Thanasi Kokkinakis,grass,wimbledon
122,0.42857142857142855,0.4772727272727273,0.5714285714285714,0.5227272727272727,M,Victor Estrella Burgos,Ernests Gulbis,grass,wimbledon
123,0.0,0.425,0.0,0.575,M,Ernests Gulbis,Victor Estrella Burgos,grass,wimbledon
124,0.5,0.5285714285714286,0.5,0.4714285714285714,M,Ernesto Escobedo,Adam Pavlasek,grass,wimbledon
125,0.6666666666666666,0.4931506849315068,0.3333333333333333,0.5068493150684932,M,Adam Pavlasek,Ernesto Escobedo,grass,wimbledon
126,0.0,0.3333333333333333,0.0,0.6666666666666666,M,Novak Djokovic,Martin Klizan,grass,wimbledon
127,0.6666666666666666,0.43478260869565216,0.3333333333333333,0.5652173913043478,M,Martin Klizan,Novak Djokovic,grass,wimbledon
128,0.5555555555555556,0.4838709677419355,0.4444444444444444,0.5161290322580645,M,Dustin Brown,Andy Murray,grass,wimbledon
129,0.5,0.5319148936170213,0.5,0.46808510638297873,M,Andy Murray,Dustin Brown,grass,wimbledon
130,0.4,0.4810126582278481,0.6,0.5189873417721519,M,Fabio Fognini,Jiri Vesely,grass,wimbledon
131,0.7272727272727273,0.5084745762711864,0.2727272727272727,0.4915254237288136,M,Jiri Vesely,Fabio Fognini,grass,wimbledon
132,0.42857142857142855,0.46,0.5714285714285714,0.54,M,Benoit Paire,Pierre Hugues Herbert,grass,wimbledon
133,0.5,0.4230769230769231,0.5,0.5769230769230769,M,Pierre Hugues Herbert,Benoit Paire,grass,wimbledon
134,0.46153846153846156,0.47560975609756095,0.5384615384615384,0.524390243902439,M,Lucas Pouille,Jerzy Janowicz,grass,wimbledon
135,0.3888888888888889,0.4605263157894737,0.6111111111111112,0.5394736842105263,M,Jerzy Janowicz,Lucas Pouille,grass,wimbledon
136,0.5384615384615384,0.5098039215686274,0.46153846153846156,0.49019607843137253,M,Simone Bolelli,Jo Wilfried Tsonga,grass,wimbledon
137,0.0,0.5151515151515151,1.0,0.48484848484848486,M,Jo Wilfried Tsonga,Simone Bolelli,grass,wimbledon
138,0.3333333333333333,0.5068493150684932,0.6666666666666666,0.4931506849315068,M,Sam Querrey,Nikoloz Basilashvili,grass,wimbledon
139,0.40625,0.5161290322580645,0.59375,0.4838709677419355,M,Nikoloz Basilashvili,Sam Querrey,grass,wimbledon
140,0.5625,0.5283018867924528,0.4375,0.4716981132075472,M,Andreas Seppi,Kevin Anderson,grass,wimbledon
141,0.7,0.46938775510204084,0.3,0.5306122448979592,M,Kevin Anderson,Andreas Seppi,grass,wimbledon
142,0.75,0.5454545454545454,0.25,0.45454545454545453,M,Daniil Medvedev,Ruben Bemelmans,grass,wimbledon
143,0.5833333333333334,0.45454545454545453,0.4166666666666667,0.5454545454545454,M,Ruben Bemelmans,Daniil Medvedev,grass,wimbledon
144,0.5,0.5272727272727272,0.5,0.4727272727272727,M,Donald Young,Rafael Nadal,grass,wimbledon
145,0.14285714285714285,0.4852941176470588,0.8571428571428571,0.5147058823529411,M,Rafael Nadal,Donald Young,grass,wimbledon
146,0.5,0.5542168674698795,0.5,0.4457831325301205,M,Karen Khachanov,Thiago Monteiro,grass,wimbledon
147,0.5333333333333333,0.44339622641509435,0.4666666666666667,0.5566037735849056,M,Thiago Monteiro,Karen Khachanov,grass,wimbledon
148,0.5833333333333334,0.453125,0.4166666666666667,0.546875,M,Damir Dzumhur,Aljaz Bedene,grass,wimbledon
149,1.0,0.546875,0.0,0.453125,M,Aljaz Bedene,Damir Dzumhur,grass,wimbledon
150,0.32,0.4789915966386555,0.68,0.5210084033613446,M,Gilles Muller,Lukas Rosol,grass,wimbledon
151,0.6222222222222222,0.5454545454545454,0.37777777777777777,0.45454545454545453,M,Lukas Rosol,Gilles Muller,grass,wimbledon
152,0.7142857142857143,0.5483870967741935,0.2857142857142857,0.45161290322580644,M,Sergiy Stakhovsky,Kei Nishikori,grass,wimbledon
153,0.42857142857142855,0.4868421052631579,0.5714285714285714,0.5131578947368421,M,Kei Nishikori,Sergiy Stakhovsky,grass,wimbledon
154,0.25,0.4482758620689655,0.75,0.5517241379310345,M,Roberto Bautista Agut,Peter Gojowczyk,grass,wimbledon
155,1.0,0.4788732394366197,0.0,0.5211267605633803,M,Peter Gojowczyk,Roberto Bautista Agut,grass,wimbledon
156,0.7,0.5421686746987951,0.3,0.4578313253012048,M,Radu Albot,Steve Johnson,grass,wimbledon
157,0.0,0.5064935064935064,1.0,0.4935064935064935,M,Steve Johnson,Radu Albot,grass,wimbledon
158,0.0,0.45454545454545453,0.0,0.5454545454545454,M,Marin Cilic,Florian Mayer,grass,wimbledon
159,0.41935483870967744,0.4909090909090909,0.5806451612903226,0.509090909090909,M,Florian Mayer,Marin Cilic,grass,wimbledon
160,0.44,0.4520547945205479,0.56,0.547945205479452,M,Mikhail Youzhny,Milos Raonic,grass,wimbledon
161,1.0,0.4470588235294118,0.0,0.5529411764705883,M,Milos Raonic,Mikhail Youzhny,grass,wimbledon
162,0.2857142857142857,0.5192307692307693,0.7142857142857143,0.4807692307692308,M,Albert Ramos Vinolas,Andrey Rublev,grass,wimbledon
163,0.4,0.44339622641509435,0.6,0.5566037735849056,M,Andrey Rublev,Albert Ramos Vinolas,grass,wimbledon
164,0.4166666666666667,0.5061728395061729,0.5833333333333334,0.49382716049382713,M,Sebastian Ofner,Jack Sock,grass,wimbledon
165,0.7857142857142857,0.5189873417721519,0.21428571428571427,0.4810126582278481,M,Jack Sock,Sebastian Ofner,grass,wimbledon
166,0.36363636363636365,0.4583333333333333,0.6363636363636364,0.5416666666666666,M,Alexander Zverev,Frances Tiafoe,grass,wimbledon
167,0.2727272727272727,0.43636363636363634,0.7272727272727273,0.5636363636363636,M,Frances Tiafoe,Alexander Zverev,grass,wimbledon
168,0.3333333333333333,0.5094339622641509,0.6666666666666666,0.49056603773584906,M,Marcos Baghdatis,Grigor Dimitrov,grass,wimbledon
169,0.6,0.4722222222222222,0.4,0.5277777777777778,M,Grigor Dimitrov,Marcos Baghdatis,grass,wimbledon
170,0.25,0.4628099173553719,0.75,0.5371900826446281,M,John Isner,Dudi Sela,grass,wimbledon
171,0.5238095238095238,0.5396825396825397,0.47619047619047616,0.4603174603174603,M,Dudi Sela,John Isner,grass,wimbledon
172,0.21428571428571427,0.4946236559139785,0.7857142857142857,0.5053763440860215,M,Mikhail Kukushkin,Mischa Zverev,grass,wimbledon
173,0.3333333333333333,0.4803921568627451,0.6666666666666666,0.5196078431372549,M,Mischa Zverev,Mikhail Kukushkin,grass,wimbledon
174,0.0,0.48214285714285715,1.0,0.5178571428571429,M,Roger Federer,Dusan Lajovic,grass,wimbledon
175,0.42857142857142855,0.5957446808510638,0.5714285714285714,0.40425531914893614,M,Dusan Lajovic,Roger Federer,grass,wimbledon
176,0.47058823529411764,0.38461538461538464,0.5294117647058824,0.6153846153846154,M,Gilles Simon,Dominic Thiem,grass,wimbledon
177,0.6666666666666666,0.4946236559139785,0.3333333333333333,0.5053763440860215,M,Dominic Thiem,Gilles Simon,grass,wimbledon
178,0.6842105263157895,0.475,0.3157894736842105,0.525,M,Paolo Lorenzi,Jared Donaldson,grass,wimbledon
179,0.7142857142857143,0.5473684210526316,0.2857142857142857,0.45263157894736844,M,Jared Donaldson,Paolo Lorenzi,grass,wimbledon
180,0.0,0.5,0.0,0.5,M,Steve Darcis,David Ferrer,grass,wimbledon
181,0.0,0.6666666666666666,0.0,0.3333333333333333,M,David Ferrer,Steve Darcis,grass,wimbledon
182,0.4666666666666667,0.5189873417721519,0.5333333333333333,0.4810126582278481,M,Tomas Berdych,Ryan Harrison,grass,wimbledon
183,0.5,0.5,0.5,0.5,M,Ryan Harrison,Tomas Berdych,grass,wimbledon
184,0.46153846153846156,0.4520547945205479,0.5384615384615384,0.547945205479452,M,Kyle Edmund,Gael Monfils,grass,wimbledon
185,0.2,0.44642857142857145,0.8,0.5535714285714286,M,Gael Monfils,Kyle Edmund,grass,wimbledon
186,0.5,0.5811965811965812,0.5,0.4188034188034188,M,Adrian Mannarino,Yuichi Sugita,grass,wimbledon
187,0.5555555555555556,0.5151515151515151,0.4444444444444444,0.48484848484848486,M,Yuichi Sugita,Adrian Mannarino,grass,wimbledon
188,0.7142857142857143,0.5652173913043478,0.2857142857142857,0.43478260869565216,M,Ernests Gulbis,Juan Martin Del Potro,grass,wimbledon
189,0.6363636363636364,0.6,0.36363636363636365,0.4,M,Juan Martin Del Potro,Ernests Gulbis,grass,wimbledon
190,0.6,0.5333333333333333,0.4,0.4666666666666667,M,Novak Djokovic,Adam Pavlasek,grass,wimbledon
191,0.0,0.4878048780487805,1.0,0.5121951219512195,M,Adam Pavlasek,Novak Djokovic,grass,wimbledon
192,0.6,0.45454545454545453,0.4,0.5454545454545454,M,Fabio Fognini,Andy Murray,grass,wimbledon
193,0.6666666666666666,0.5079365079365079,0.3333333333333333,0.49206349206349204,M,Andy Murray,Fabio Fognini,grass,wimbledon
194,0.35714285714285715,0.5555555555555556,0.6428571428571429,0.4444444444444444,M,Jerzy Janowicz,Benoit Paire,grass,wimbledon
195,0.5,0.5238095238095238,0.5,0.47619047619047616,M,Benoit Paire,Jerzy Janowicz,grass,wimbledon
196,0.75,0.48484848484848486,0.25,0.5151515151515151,M,Sam Querrey,Jo Wilfried Tsonga,grass,wimbledon
197,0.5714285714285714,0.5256410256410257,0.42857142857142855,0.47435897435897434,M,Jo Wilfried Tsonga,Sam Querrey,grass,wimbledon
198,0.5,0.5084745762711864,0.5,0.4915254237288136,M,Ruben Bemelmans,Kevin Anderson,grass,wimbledon
199,0.3333333333333333,0.43037974683544306,0.6666666666666666,0.569620253164557,M,Kevin Anderson,Ruben Bemelmans,grass,wimbledon
200,1.0,0.49230769230769234,0.0,0.5076923076923077,M,Karen Khachanov,Rafael Nadal,grass,wimbledon
201,0.3333333333333333,0.5070422535211268,0.6666666666666666,0.49295774647887325,M,Rafael Nadal,Karen Khachanov,grass,wimbledon
202,0.42857142857142855,0.5555555555555556,0.5714285714285714,0.4444444444444444,M,Gilles Muller,Aljaz Bedene,grass,wimbledon
203,0.4444444444444444,0.4426229508196721,0.5555555555555556,0.5573770491803278,M,Aljaz Bedene,Gilles Muller,grass,wimbledon
204,0.4,0.5113636363636364,0.6,0.48863636363636365,M,Roberto Bautista Agut,Kei Nishikori,grass,wimbledon
205,1.0,0.4948453608247423,0.0,0.5051546391752577,M,Kei Nishikori,Roberto Bautista Agut,grass,wimbledon
206,0.5714285714285714,0.52,0.42857142857142855,0.48,M,Marin Cilic,Steve Johnson,grass,wimbledon
207,0.4375,0.46153846153846156,0.5625,0.5384615384615384,M,Steve Johnson,Marin Cilic,grass,wimbledon
208,0.4666666666666667,0.4426229508196721,0.5333333333333333,0.5573770491803278,M,Albert Ramos Vinolas,Milos Raonic,grass,wimbledon
209,0.4444444444444444,0.4935064935064935,0.5555555555555556,0.5064935064935064,M,Milos Raonic,Albert Ramos Vinolas,grass,wimbledon
210,1.0,0.4716981132075472,0.0,0.5283018867924528,M,Alexander Zverev,Sebastian Ofner,grass,wimbledon
211,0.75,0.5106382978723404,0.25,0.48936170212765956,M,Sebastian Ofner,Alexander Zverev,grass,wimbledon
212,0.4,0.4482758620689655,0.6,0.5517241379310345,M,Dudi Sela,Grigor Dimitrov,grass,wimbledon
213,1.0,0.48,0.0,0.52,M,Grigor Dimitrov,Dudi Sela,grass,wimbledon
214,0.16666666666666666,0.4444444444444444,0.8333333333333334,0.5555555555555556,M,Roger Federer,Mischa Zverev,grass,wimbledon
215,0.46153846153846156,0.4716981132075472,0.5384615384615384,0.5283018867924528,M,Mischa Zverev,Roger Federer,grass,wimbledon
216,0.5,0.48148148148148145,0.5,0.5185185185185185,M,Jared Donaldson,Dominic Thiem,grass,wimbledon
217,0.3333333333333333,0.425,0.6666666666666666,0.575,M,Dominic Thiem,Jared Donaldson,grass,wimbledon
218,0.3333333333333333,0.5535714285714286,0.6666666666666666,0.44642857142857145,M,Tomas Berdych,David Ferrer,grass,wimbledon
219,0.3333333333333333,0.4444444444444444,0.6666666666666666,0.5555555555555556,M,David Ferrer,Tomas Berdych,grass,wimbledon
220,0.46153846153846156,0.49523809523809526,0.5384615384615384,0.5047619047619047,M,Adrian Mannarino,Gael Monfils,grass,wimbledon
221,0.5714285714285714,0.5047619047619047,0.42857142857142855,0.49523809523809526,M,Gael Monfils,Adrian Mannarino,grass,wimbledon
222,0.5384615384615384,0.5714285714285714,0.46153846153846156,0.42857142857142855,M,Novak Djokovic,Ernests Gulbis,grass,wimbledon
223,0.4,0.42857142857142855,0.6,0.5714285714285714,M,Ernests Gulbis,Novak Djokovic,grass,wimbledon
224,1.0,0.5285714285714286,0.0,0.4714285714285714,M,Benoit Paire,Andy Murray,grass,wimbledon
225,0.4444444444444444,0.5151515151515151,0.5555555555555556,0.48484848484848486,M,Andy Murray,Benoit Paire,grass,wimbledon
226,0.41935483870967744,0.5130434782608696,0.5806451612903226,0.48695652173913045,M,Kevin Anderson,Sam Querrey,grass,wimbledon
227,0.5172413793103449,0.5377358490566038,0.4827586206896552,0.46226415094339623,M,Sam Querrey,Kevin Anderson,grass,wimbledon
228,0.5909090909090909,0.4789915966386555,0.4090909090909091,0.5210084033613446,M,Gilles Muller,Rafael Nadal,grass,wimbledon
229,0.5714285714285714,0.5037593984962406,0.42857142857142855,0.49624060150375937,M,Rafael Nadal,Gilles Muller,grass,wimbledon
230,0.0,0.4528301886792453,0.0,0.5471698113207547,M,Marin Cilic,Roberto Bautista Agut,grass,wimbledon
231,0.7777777777777778,0.5227272727272727,0.2222222222222222,0.4772727272727273,M,Roberto Bautista Agut,Marin Cilic,grass,wimbledon
232,0.30434782608695654,0.49193548387096775,0.6956521739130435,0.5080645161290323,M,Alexander Zverev,Milos Raonic,grass,wimbledon
233,0.5882352941176471,0.5,0.4117647058823529,0.5,M,Milos Raonic,Alexander Zverev,grass,wimbledon
234,0.5714285714285714,0.5789473684210527,0.42857142857142855,0.42105263157894735,M,Roger Federer,Grigor Dimitrov,grass,wimbledon
235,0.75,0.5384615384615384,0.25,0.46153846153846156,M,Grigor Dimitrov,Roger Federer,grass,wimbledon
236,0.36363636363636365,0.4189189189189189,0.6363636363636364,0.581081081081081,M,Tomas Berdych,Dominic Thiem,grass,wimbledon
237,0.4666666666666667,0.4666666666666667,0.5333333333333333,0.5333333333333333,M,Dominic Thiem,Tomas Berdych,grass,wimbledon
238,0.0,0.4647887323943662,1.0,0.5352112676056338,M,Novak Djokovic,Adrian Mannarino,grass,wimbledon
239,0.0,0.4782608695652174,1.0,0.5217391304347826,M,Adrian Mannarino,Novak Djokovic,grass,wimbledon
240,0.14285714285714285,0.43902439024390244,0.8571428571428571,0.5609756097560976,M,Sam Querrey,Andy Murray,grass,wimbledon
241,0.4074074074074074,0.527027027027027,0.5925925925925926,0.47297297297297297,M,Andy Murray,Sam Querrey,grass,wimbledon
242,0.35294117647058826,0.49473684210526314,0.6470588235294118,0.5052631578947369,M,Marin Cilic,Gilles Muller,grass,wimbledon
243,0.40625,0.46078431372549017,0.59375,0.5392156862745098,M,Gilles Muller,Marin Cilic,grass,wimbledon
244,0.2727272727272727,0.4714285714285714,0.7272727272727273,0.5285714285714286,M,Roger Federer,Milos Raonic,grass,wimbledon
245,0.45454545454545453,0.4918032786885246,0.5454545454545454,0.5081967213114754,M,Milos Raonic,Roger Federer,grass,wimbledon
246,1.0,0.5185185185185185,0.0,0.48148148148148145,M,Novak Djokovic,Tomas Berdych,grass,wimbledon
247,0.0,0.48717948717948717,1.0,0.5128205128205128,M,Tomas Berdych,Novak Djokovic,grass,wimbledon
248,0.3076923076923077,0.41237113402061853,0.6923076923076923,0.5876288659793815,M,Marin Cilic,Sam Querrey,grass,wimbledon
249,0.48,0.5384615384615384,0.52,0.46153846153846156,M,Sam Querrey,Marin Cilic,grass,wimbledon
250,0.46153846153846156,0.5,0.5384615384615384,0.5,M,Tomas Berdych,Roger Federer,grass,wimbledon
251,0.875,0.5063291139240507,0.125,0.4936708860759494,M,Roger Federer,Tomas Berdych,grass,wimbledon
252,0.6,0.5370370370370371,0.4,0.46296296296296297,M,Roger Federer,Marin Cilic,grass,wimbledon
253,0.75,0.5283018867924528,0.25,0.4716981132075472,M,Marin Cilic,Roger Federer,grass,wimbledon
254,0.0,0.5,0.0,0.5,F,Irina Falconi,Angelique Kerber,grass,wimbledon
255,1.0,0.5365853658536586,0.0,0.4634146341463415,F,Angelique Kerber,Irina Falconi,grass,wimbledon
256,0.0,0.4444444444444444,1.0,0.5555555555555556,F,Misaki Doi,Kirsten Flipkens,grass,wimbledon
257,0.0,0.5135135135135135,0.0,0.4864864864864865,F,Kirsten Flipkens,Misaki Doi,grass,wimbledon
258,0.4,0.5,0.6,0.5,F,Julia Boserup,Shelby Rogers,grass,wimbledon
259,0.0,0.41818181818181815,1.0,0.5818181818181818,F,Shelby Rogers,Julia Boserup,grass,wimbledon
260,1.0,0.5,0.0,0.5,F,Lucie Safarova,Oceane Dodin,grass,wimbledon
261,0.8571428571428571,0.6,0.14285714285714285,0.4,F,Oceane Dodin,Lucie Safarova,grass,wimbledon
262,0.5,0.38596491228070173,0.5,0.6140350877192983,F,Sorana Cirstea,Kiki Bertens,grass,wimbledon
263,0.0,0.40540540540540543,0.0,0.5945945945945946,F,Kiki Bertens,Sorana Cirstea,grass,wimbledon
264,0.0,0.4791666666666667,1.0,0.5208333333333334,F,Bethanie Mattek Sands,Magda Linette,grass,wimbledon
265,0.6666666666666666,0.5294117647058824,0.3333333333333333,0.47058823529411764,F,Magda Linette,Bethanie Mattek Sands,grass,wimbledon
266,0.5,0.5384615384615384,0.5,0.46153846153846156,F,Kateryna Bondarenko,Yanina Wickmayer,grass,wimbledon
267,0.5,0.5405405405405406,0.5,0.4594594594594595,F,Yanina Wickmayer,Kateryna Bondarenko,grass,wimbledon
268,0.3333333333333333,0.5357142857142857,0.6666666666666666,0.4642857142857143,F,Garbine Muguruza,Ekaterina Alexandrova,grass,wimbledon
269,0.0,0.5365853658536586,1.0,0.4634146341463415,F,Ekaterina Alexandrova,Garbine Muguruza,grass,wimbledon
270,0.3333333333333333,0.5111111111111111,0.6666666666666666,0.4888888888888889,F,Jelena Jankovic,Agnieszka Radwanska,grass,wimbledon
271,1.0,0.46153846153846156,0.0,0.5384615384615384,F,Agnieszka Radwanska,Jelena Jankovic,grass,wimbledon
272,0.3333333333333333,0.46,0.6666666666666666,0.54,F,Christina McHale,Katie Boulter,grass,wimbledon
273,1.0,0.4423076923076923,0.0,0.5576923076923077,F,Katie Boulter,Christina McHale,grass,wimbledon
274,0.0,0.4117647058823529,0.0,0.5882352941176471,F,Bianca Andreescu,Kristina Kucova,grass,wimbledon
275,0.0,0.42424242424242425,1.0,0.5757575757575758,F,Kristina Kucova,Bianca Andreescu,grass,wimbledon
276,0.0,0.4444444444444444,1.0,0.5555555555555556,F,Timea Bacsinszky,Monica Puig,grass,wimbledon
277,0.6666666666666666,0.4482758620689655,0.3333333333333333,0.5517241379310345,F,Monica Puig,Timea Bacsinszky,grass,wimbledon
278,0.0,0.45454545454545453,1.0,0.5454545454545454,F,Varvara Lepchenko,Lauren Davis,grass,wimbledon
279,1.0,0.4857142857142857,0.0,0.5142857142857142,F,Lauren Davis,Varvara Lepchenko,grass,wimbledon
280,0.5,0.5925925925925926,0.5,0.4074074074074074,F,Annika Beck,Polona Hercog,grass,wimbledon
281,0.0,0.41935483870967744,0.0,0.5806451612903226,F,Polona Hercog,Annika Beck,grass,wimbledon
282,0.5,0.4827586206896552,0.5,0.5172413793103449,F,Alison Van Uytvanck,Ekaterina Makarova,grass,wimbledon
283,1.0,0.5185185185185185,0.0,0.48148148148148145,F,Ekaterina Makarova,Alison Van Uytvanck,grass,wimbledon
284,0.0,0.3888888888888889,1.0,0.6111111111111112,F,Svetlana Kuznetsova,Ons Jabeur,grass,wimbledon
285,1.0,0.4864864864864865,0.0,0.5135135135135135,F,Ons Jabeur,Svetlana Kuznetsova,grass,wimbledon
286,0.3333333333333333,0.5555555555555556,0.6666666666666666,0.4444444444444444,F,Evgeniya Rodina,Karolina Pliskova,grass,wimbledon
287,0.0,0.49019607843137253,0.0,0.5098039215686274,F,Karolina Pliskova,Evgeniya Rodina,grass,wimbledon
288,0.0,0.5,0.0,0.5,F,Magdalena Rybarikova,Monica Niculescu,grass,wimbledon
289,1.0,0.5806451612903226,0.0,0.41935483870967744,F,Monica Niculescu,Magdalena Rybarikova,grass,wimbledon
290,0.5,0.4838709677419355,0.5,0.5161290322580645,F,Julia Goerges,Lesia Tsurenko,grass,wimbledon
291,0.5555555555555556,0.4266666666666667,0.4444444444444444,0.5733333333333334,F,Lesia Tsurenko,Julia Goerges,grass,wimbledon
292,0.3333333333333333,0.5,0.6666666666666666,0.5,F,Shuai Zhang,Viktorija Golubic,grass,wimbledon
293,0.0,0.5,1.0,0.5,F,Viktorija Golubic,Shuai Zhang,grass,wimbledon
294,0.2857142857142857,0.4819277108433735,0.7142857142857143,0.5180722891566265,F,Petra Martic,Daria Gavrilova,grass,wimbledon
295,0.3333333333333333,0.4875,0.6666666666666666,0.5125,F,Daria Gavrilova,Petra Martic,grass,wimbledon
296,0.0,0.4444444444444444,1.0,0.5555555555555556,F,Risa Ozaki,Denisa Allertova,grass,wimbledon
297,0.5,0.5,0.5,0.5,F,Denisa Allertova,Risa Ozaki,grass,wimbledon
298,0.0,0.53125,0.0,0.46875,F,Zarina Diyas,Xinyun Han,grass,wimbledon
299,0.0,0.5319148936170213,1.0,0.46808510638297873,F,Xinyun Han,Zarina Diyas,grass,wimbledon
300,0.6666666666666666,0.5294117647058824,0.3333333333333333,0.47058823529411764,F,Anastasia Pavlyuchenkova,Arina Rodionova,grass,wimbledon
301,0.3333333333333333,0.49411764705882355,0.6666666666666666,0.5058823529411764,F,Arina Rodionova,Anastasia Pavlyuchenkova,grass,wimbledon
302,0.7272727272727273,0.5925925925925926,0.2727272727272727,0.4074074074074074,F,Pauline Parmentier,Kristina Mladenovic,grass,wimbledon
303,0.3333333333333333,0.4444444444444444,0.6666666666666666,0.5555555555555556,F,Kristina Mladenovic,Pauline Parmentier,grass,wimbledon
304,0.0,0.47619047619047616,0.0,0.5238095238095238,F,Sloane Stephens,Alison Riske,grass,wimbledon
305,1.0,0.4838709677419355,0.0,0.5161290322580645,F,Alison Riske,Sloane Stephens,grass,wimbledon
306,0.6,0.45454545454545453,0.4,0.5454545454545454,F,Anastasia Potapova,Tatjana Maria,grass,wimbledon
307,0.0,0.47368421052631576,0.0,0.5263157894736842,F,Tatjana Maria,Anastasia Potapova,grass,wimbledon
308,0.3333333333333333,0.49056603773584906,0.6666666666666666,0.5094339622641509,F,Coco Vandeweghe,Mona Barthel,grass,wimbledon
309,0.0,0.41935483870967744,1.0,0.5806451612903226,F,Mona Barthel,Coco Vandeweghe,grass,wimbledon
310,0.5,0.4838709677419355,0.5,0.5161290322580645,F,Saisai Zheng,Daria Kasatkina,grass,wimbledon
311,1.0,0.5161290322580645,0.0,0.4838709677419355,F,Daria Kasatkina,Saisai Zheng,grass,wimbledon
312,0.0,0.5833333333333334,1.0,0.4166666666666667,F,Anett Kontaveit,Lara Arruabarrena,grass,wimbledon
313,0.3333333333333333,0.4318181818181818,0.6666666666666666,0.5681818181818182,F,Lara Arruabarrena,Anett Kontaveit,grass,wimbledon
314,0.3333333333333333,0.5357142857142857,0.6666666666666666,0.4642857142857143,F,Sara Errani,Tsvetana Pironkova,grass,wimbledon
315,0.0,0.5208333333333334,0.0,0.4791666666666667,F,Tsvetana Pironkova,Sara Errani,grass,wimbledon
316,1.0,0.5106382978723404,0.0,0.48936170212765956,F,Caroline Wozniacki,Timea Babos,grass,wimbledon
317,0.5,0.4423076923076923,0.5,0.5576923076923077,F,Timea Babos,Caroline Wozniacki,grass,wimbledon
318,0.0,0.4470588235294118,0.0,0.5529411764705883,F,Andrea Petkovic,Dominika Cibulkova,grass,wimbledon
319,0.0,0.49333333333333335,0.0,0.5066666666666667,F,Dominika Cibulkova,Andrea Petkovic,grass,wimbledon
320,0.3333333333333333,0.4482758620689655,0.6666666666666666,0.5517241379310345,F,Danka Kovinic,Jennifer Brady,grass,wimbledon
321,1.0,0.6206896551724138,0.0,0.3793103448275862,F,Jennifer Brady,Danka Kovinic,grass,wimbledon
322,0.3333333333333333,0.5142857142857142,0.6666666666666666,0.4857142857142857,F,Irina Camelia Begu,Naomi Broady,grass,wimbledon
323,1.0,0.5428571428571428,0.0,0.45714285714285713,F,Naomi Broady,Irina Camelia Begu,grass,wimbledon
324,1.0,0.6333333333333333,0.0,0.36666666666666664,F,Ana Konjuh,Sabine Lisicki,grass,wimbledon
325,0.0,0.44,1.0,0.56,F,Sabine Lisicki,Ana Konjuh,grass,wimbledon
326,0.0,0.5517241379310345,1.0,0.4482758620689655,F,Veronica Cepede Royg,Barbora Strycova,grass,wimbledon
327,0.0,0.49019607843137253,0.0,0.5098039215686274,F,Barbora Strycova,Veronica Cepede Royg,grass,wimbledon
328,0.0,0.4473684210526316,0.0,0.5526315789473685,F,Naomi Osaka,Sara Sorribes Tormo,grass,wimbledon
329,0.3333333333333333,0.5238095238095238,0.6666666666666666,0.47619047619047616,F,Sara Sorribes Tormo,Naomi Osaka,grass,wimbledon
330,0.0,0.5,1.0,0.5,F,Qiang Wang,Kai Chen Chang,grass,wimbledon
331,0.5,0.5348837209302325,0.5,0.46511627906976744,F,Kai Chen Chang,Qiang Wang,grass,wimbledon
332,0.25,0.4918032786885246,0.75,0.5081967213114754,F,Venus Williams,Elise Mertens,grass,wimbledon
333,0.0,0.5263157894736842,1.0,0.47368421052631576,F,Elise Mertens,Venus Williams,grass,wimbledon
334,0.0,0.5121951219512195,1.0,0.4878048780487805,F,Aliaksandra Sasnovich,Jelena Ostapenko,grass,wimbledon
335,0.0,0.4411764705882353,1.0,0.5588235294117647,F,Jelena Ostapenko,Aliaksandra Sasnovich,grass,wimbledon
336,0.5,0.43243243243243246,0.5,0.5675675675675675,F,Kurumi Nara,Francoise Abanda,grass,wimbledon
337,0.0,0.46938775510204084,0.0,0.5306122448979592,F,Francoise Abanda,Kurumi Nara,grass,wimbledon
338,0.5,0.4696969696969697,0.5,0.5303030303030303,F,Alize Cornet,Camila Giorgi,grass,wimbledon
339,0.0,0.5,0.0,0.5,F,Camila Giorgi,Alize Cornet,grass,wimbledon
340,1.0,0.5,0.0,0.5,F,Madison Keys,Nao Hibino,grass,wimbledon
341,0.6666666666666666,0.5652173913043478,0.3333333333333333,0.43478260869565216,F,Nao Hibino,Madison Keys,grass,wimbledon
342,0.5,0.40350877192982454,0.5,0.5964912280701754,F,Carina Witthoeft,Mirjana Lucic Baroni,grass,wimbledon
343,0.5,0.48148148148148145,0.5,0.5185185185185185,F,Mirjana Lucic Baroni,Carina Witthoeft,grass,wimbledon
344,1.0,0.5,0.0,0.5,F,Irina Khromacheva,Aryna Sabalenka,grass,wimbledon
345,0.6666666666666666,0.4722222222222222,0.3333333333333333,0.5277777777777778,F,Aryna Sabalenka,Irina Khromacheva,grass,wimbledon
346,1.0,0.5333333333333333,0.0,0.4666666666666667,F,Mandy Minella,Francesca Schiavone,grass,wimbledon
347,0.0,0.5833333333333334,1.0,0.4166666666666667,F,Francesca Schiavone,Mandy Minella,grass,wimbledon
348,0.6,0.43859649122807015,0.4,0.5614035087719298,F,Elina Svitolina,Ashleigh Barty,grass,wimbledon
349,0.4,0.5263157894736842,0.6,0.47368421052631576,F,Ashleigh Barty,Elina Svitolina,grass,wimbledon
350,0.0,0.5,1.0,0.5,F,Su Wei Hsieh,Johanna Konta,grass,wimbledon
351,0.0,0.4782608695652174,0.0,0.5217391304347826,F,Johanna Konta,Su Wei Hsieh,grass,wimbledon
352,0.6666666666666666,0.4375,0.3333333333333333,0.5625,F,Natalia Vikhlyantseva,Donna Vekic,grass,wimbledon
353,0.3333333333333333,0.543859649122807,0.6666666666666666,0.45614035087719296,F,Donna Vekic,Natalia Vikhlyantseva,grass,wimbledon
354,0.0,0.4583333333333333,1.0,0.5416666666666666,F,Maria Sakkari,Katerina Siniakova,grass,wimbledon
355,0.42857142857142855,0.43243243243243246,0.5714285714285714,0.5675675675675675,F,Katerina Siniakova,Maria Sakkari,grass,wimbledon
356,0.5555555555555556,0.5128205128205128,0.4444444444444444,0.48717948717948717,F,Roberta Vinci,Kristyna Pliskova,grass,wimbledon
357,0.5,0.35135135135135137,0.5,0.6486486486486487,F,Kristyna Pliskova,Roberta Vinci,grass,wimbledon
358,0.5714285714285714,0.5517241379310345,0.42857142857142855,0.4482758620689655,F,Jana Cepelova,Caroline Garcia,grass,wimbledon
359,0.0,0.5,0.0,0.5,F,Caroline Garcia,Jana Cepelova,grass,wimbledon
360,0.3333333333333333,0.4444444444444444,0.6666666666666666,0.5555555555555556,F,Ana Bogdan,Ying Ying Duan,grass,wimbledon
361,0.8,0.39285714285714285,0.2,0.6071428571428571,F,Ying Ying Duan,Ana Bogdan,grass,wimbledon
362,0.0,0.5,0.0,0.5,F,Richel Hogenkamp,Madison Brengle,grass,wimbledon
363,0.0,0.45,0.0,0.55,F,Madison Brengle,Richel Hogenkamp,grass,wimbledon
364,1.0,0.4642857142857143,0.0,0.5357142857142857,F,Petra Kvitova,Johanna Larsson,grass,wimbledon
365,1.0,0.5454545454545454,0.0,0.45454545454545453,F,Johanna Larsson,Petra Kvitova,grass,wimbledon
366,0.0,0.5285714285714286,1.0,0.4714285714285714,F,Anna Blinkova,Elena Vesnina,grass,wimbledon
367,0.375,0.5094339622641509,0.625,0.49056603773584906,F,Elena Vesnina,Anna Blinkova,grass,wimbledon
368,1.0,0.48936170212765956,0.0,0.5106382978723404,F,Catherine Bellis,Victoria Azarenka,grass,wimbledon
369,0.0,0.5,1.0,0.5,F,Victoria Azarenka,Catherine Bellis,grass,wimbledon
370,0.2857142857142857,0.45,0.7142857142857143,0.55,F,Heather Watson,Maryna Zanevska,grass,wimbledon
371,0.3333333333333333,0.5,0.6666666666666666,0.5,F,Maryna Zanevska,Heather Watson,grass,wimbledon
372,0.0,0.5142857142857142,0.0,0.4857142857142857,F,Anastasija Sevastova,Yulia Putintseva,grass,wimbledon
373,0.25,0.46938775510204084,0.75,0.5306122448979592,F,Yulia Putintseva,Anastasija Sevastova,grass,wimbledon
374,0.0,0.49019607843137253,0.0,0.5098039215686274,F,Eugenie Bouchard,Carla Suarez Navarro,grass,wimbledon
375,0.0,0.45652173913043476,1.0,0.5434782608695652,F,Carla Suarez Navarro,Eugenie Bouchard,grass,wimbledon
376,0.6666666666666666,0.5106382978723404,0.3333333333333333,0.48936170212765956,F,Shuai Peng,Marketa Vondrousova,grass,wimbledon
377,0.0,0.5079365079365079,1.0,0.49206349206349204,F,Marketa Vondrousova,Shuai Peng,grass,wimbledon
378,0.75,0.5581395348837209,0.25,0.4418604651162791,F,Laura Robson,Beatriz Haddad Maia,grass,wimbledon
379,0.0,0.4375,1.0,0.5625,F,Beatriz Haddad Maia,Laura Robson,grass,wimbledon
380,0.0,0.4857142857142857,0.0,0.5142857142857142,F,Simona Halep,Marina Erakovic,grass,wimbledon
381,0.0,0.3939393939393939,1.0,0.6060606060606061,F,Marina Erakovic,Simona Halep,grass,wimbledon
382,0.0,0.5285714285714286,0.0,0.4714285714285714,F,Kirsten Flipkens,Angelique Kerber,grass,wimbledon
383,0.0,0.4666666666666667,1.0,0.5333333333333333,F,Angelique Kerber,Kirsten Flipkens,grass,wimbledon
384,0.42857142857142855,0.48333333333333334,0.5714285714285714,0.5166666666666667,F,Lucie Safarova,Shelby Rogers,grass,wimbledon
385,0.5,0.5806451612903226,0.5,0.41935483870967744,F,Shelby Rogers,Lucie Safarova,grass,wimbledon
386,0.0,0.4807692307692308,0.0,0.5192307692307693,F,Bethanie Mattek Sands,Sorana Cirstea,grass,wimbledon
387,0.0,0.52,0.0,0.48,F,Sorana Cirstea,Bethanie Mattek Sands,grass,wimbledon
388,0.6,0.41935483870967744,0.4,0.5806451612903226,F,Garbine Muguruza,Yanina Wickmayer,grass,wimbledon
389,0.6,0.5526315789473685,0.4,0.4473684210526316,F,Yanina Wickmayer,Garbine Muguruza,grass,wimbledon
390,0.5,0.48484848484848486,0.5,0.5151515151515151,F,Christina McHale,Agnieszka Radwanska,grass,wimbledon
391,0.6,0.4852941176470588,0.4,0.5147058823529411,F,Agnieszka Radwanska,Christina McHale,grass,wimbledon
392,0.0,0.48148148148148145,0.0,0.5185185185185185,F,Timea Bacsinszky,Kristina Kucova,grass,wimbledon
393,0.6666666666666666,0.5789473684210527,0.3333333333333333,0.42105263157894735,F,Kristina Kucova,Timea Bacsinszky,grass,wimbledon
394,0.0,0.525,0.0,0.475,F,Polona Hercog,Varvara Lepchenko,grass,wimbledon
395,0.5,0.509090909090909,0.5,0.4909090909090909,F,Varvara Lepchenko,Polona Hercog,grass,wimbledon
396,0.5,0.5526315789473685,0.5,0.4473684210526316,F,Svetlana Kuznetsova,Ekaterina Makarova,grass,wimbledon
397,0.2,0.5,0.8,0.5,F,Ekaterina Makarova,Svetlana Kuznetsova,grass,wimbledon
398,0.8333333333333334,0.5714285714285714,0.16666666666666666,0.42857142857142855,F,Magdalena Rybarikova,Karolina Pliskova,grass,wimbledon
399,0.16666666666666666,0.49056603773584906,0.8333333333333334,0.5094339622641509,F,Karolina Pliskova,Magdalena Rybarikova,grass,wimbledon
400,0.0,0.5,1.0,0.5,F,Viktorija Golubic,Lesia Tsurenko,grass,wimbledon
401,0.0,0.4186046511627907,0.0,0.5813953488372093,F,Lesia Tsurenko,Viktorija Golubic,grass,wimbledon
402,0.3333333333333333,0.5128205128205128,0.6666666666666666,0.48717948717948717,F,Denisa Allertova,Petra Martic,grass,wimbledon
403,0.0,0.45454545454545453,1.0,0.5454545454545454,F,Petra Martic,Denisa Allertova,grass,wimbledon
404,0.75,0.49206349206349204,0.25,0.5079365079365079,F,Arina Rodionova,Zarina Diyas,grass,wimbledon
405,0.0,0.5576923076923077,0.0,0.4423076923076923,F,Zarina Diyas,Arina Rodionova,grass,wimbledon
406,0.36363636363636365,0.5294117647058824,0.6363636363636364,0.47058823529411764,F,Alison Riske,Kristina Mladenovic,grass,wimbledon
407,1.0,0.5416666666666666,0.0,0.4583333333333333,F,Kristina Mladenovic,Alison Riske,grass,wimbledon
408,0.0,0.38461538461538464,1.0,0.6153846153846154,F,Coco Vandeweghe,Tatjana Maria,grass,wimbledon
409,1.0,0.52,0.0,0.48,F,Tatjana Maria,Coco Vandeweghe,grass,wimbledon
410,1.0,0.5135135135135135,0.0,0.4864864864864865,F,Anett Kontaveit,Daria Kasatkina,grass,wimbledon
411,0.5714285714285714,0.5128205128205128,0.42857142857142855,0.48717948717948717,F,Daria Kasatkina,Anett Kontaveit,grass,wimbledon
412,1.0,0.42105263157894735,0.0,0.5789473684210527,F,Caroline Wozniacki,Tsvetana Pironkova,grass,wimbledon
413,0.0,0.3888888888888889,1.0,0.6111111111111112,F,Tsvetana Pironkova,Caroline Wozniacki,grass,wimbledon
414,0.0,0.5116279069767442,0.0,0.4883720930232558,F,Jennifer Brady,Dominika Cibulkova,grass,wimbledon
415,0.2857142857142857,0.4444444444444444,0.7142857142857143,0.5555555555555556,F,Dominika Cibulkova,Jennifer Brady,grass,wimbledon
416,0.6666666666666666,0.4838709677419355,0.3333333333333333,0.5161290322580645,F,Ana Konjuh,Irina Camelia Begu,grass,wimbledon
417,1.0,0.42857142857142855,0.0,0.5714285714285714,F,Irina Camelia Begu,Ana Konjuh,grass,wimbledon
418,0.3333333333333333,0.44,0.6666666666666666,0.56,F,Naomi Osaka,Barbora Strycova,grass,wimbledon
419,0.0,0.5454545454545454,1.0,0.45454545454545453,F,Barbora Strycova,Naomi Osaka,grass,wimbledon
420,0.75,0.48333333333333334,0.25,0.5166666666666667,F,Venus Williams,Qiang Wang,grass,wimbledon
421,0.6666666666666666,0.48148148148148145,0.3333333333333333,0.5185185185185185,F,Qiang Wang,Venus Williams,grass,wimbledon
422,0.6666666666666666,0.49056603773584906,0.3333333333333333,0.5094339622641509,F,Francoise Abanda,Jelena Ostapenko,grass,wimbledon
423,0.8333333333333334,0.5373134328358209,0.16666666666666666,0.4626865671641791,F,Jelena Ostapenko,Francoise Abanda,grass,wimbledon
424,0.5,0.42857142857142855,0.5,0.5714285714285714,F,Madison Keys,Camila Giorgi,grass,wimbledon
425,0.6666666666666666,0.5,0.3333333333333333,0.5,F,Camila Giorgi,Madison Keys,grass,wimbledon
426,0.3333333333333333,0.5,0.6666666666666666,0.5,F,Aryna Sabalenka,Carina Witthoeft,grass,wimbledon
427,0.5,0.4838709677419355,0.5,0.5161290322580645,F,Carina Witthoeft,Aryna Sabalenka,grass,wimbledon
428,0.0,0.47058823529411764,1.0,0.5294117647058824,F,Elina Svitolina,Francesca Schiavone,grass,wimbledon
429,0.6666666666666666,0.48,0.3333333333333333,0.52,F,Francesca Schiavone,Elina Svitolina,grass,wimbledon
430,0.5833333333333334,0.5064935064935064,0.4166666666666667,0.4935064935064935,F,Donna Vekic,Johanna Konta,grass,wimbledon
431,0.5,0.5394736842105263,0.5,0.4605263157894737,F,Johanna Konta,Donna Vekic,grass,wimbledon
432,0.3333333333333333,0.4927536231884058,0.6666666666666666,0.5072463768115942,F,Kristyna Pliskova,Maria Sakkari,grass,wimbledon
433,0.75,0.5223880597014925,0.25,0.47761194029850745,F,Maria Sakkari,Kristyna Pliskova,grass,wimbledon
434,0.5,0.5128205128205128,0.5,0.48717948717948717,F,Ana Bogdan,Caroline Garcia,grass,wimbledon
435,1.0,0.5625,0.0,0.4375,F,Caroline Garcia,Ana Bogdan,grass,wimbledon
436,0.0,0.43859649122807015,0.0,0.5614035087719298,F,Petra Kvitova,Madison Brengle,grass,wimbledon
437,0.6666666666666666,0.5272727272727272,0.3333333333333333,0.4727272727272727,F,Madison Brengle,Petra Kvitova,grass,wimbledon
438,0.0,0.5106382978723404,0.0,0.48936170212765956,F,Victoria Azarenka,Elena Vesnina,grass,wimbledon
439,0.0,0.41935483870967744,1.0,0.5806451612903226,F,Elena Vesnina,Victoria Azarenka,grass,wimbledon
440,0.0,0.5172413793103449,1.0,0.4827586206896552,F,Anastasija Sevastova,Heather Watson,grass,wimbledon
441,0.0,0.5555555555555556,0.0,0.4444444444444444,F,Heather Watson,Anastasija Sevastova,grass,wimbledon
442,0.0,0.5428571428571428,0.0,0.45714285714285713,F,Shuai Peng,Carla Suarez Navarro,grass,wimbledon
443,1.0,0.4666666666666667,0.0,0.5333333333333333,F,Carla Suarez Navarro,Shuai Peng,grass,wimbledon
444,0.0,0.5531914893617021,0.0,0.44680851063829785,F,Simona Halep,Beatriz Haddad Maia,grass,wimbledon
445,0.6666666666666666,0.46808510638297873,0.3333333333333333,0.5319148936170213,F,Beatriz Haddad Maia,Simona Halep,grass,wimbledon
446,1.0,0.527027027027027,0.0,0.47297297297297297,F,Shelby Rogers,Angelique Kerber,grass,wimbledon
447,0.6666666666666666,0.5384615384615384,0.3333333333333333,0.46153846153846156,F,Angelique Kerber,Shelby Rogers,grass,wimbledon
448,0.0,0.5121951219512195,1.0,0.4878048780487805,F,Garbine Muguruza,Sorana Cirstea,grass,wimbledon
449,0.0,0.5,0.0,0.5,F,Sorana Cirstea,Garbine Muguruza,grass,wimbledon
450,0.0,0.4857142857142857,0.0,0.5142857142857142,F,Timea Bacsinszky,Agnieszka Radwanska,grass,wimbledon
451,0.0,0.5217391304347826,1.0,0.4782608695652174,F,Agnieszka Radwanska,Timea Bacsinszky,grass,wimbledon
452,0.5,0.5555555555555556,0.5,0.4444444444444444,F,Svetlana Kuznetsova,Polona Hercog,grass,wimbledon
453,0.0,0.525,0.0,0.475,F,Polona Hercog,Svetlana Kuznetsova,grass,wimbledon
454,0.75,0.5757575757575758,0.25,0.42424242424242425,F,Lesia Tsurenko,Magdalena Rybarikova,grass,wimbledon
455,0.5,0.5135135135135135,0.5,0.4864864864864865,F,Magdalena Rybarikova,Lesia Tsurenko,grass,wimbledon
456,0.5,0.45454545454545453,0.5,0.5454545454545454,F,Zarina Diyas,Petra Martic,grass,wimbledon
457,0.5,0.5094339622641509,0.5,0.49056603773584906,F,Petra Martic,Zarina Diyas,grass,wimbledon
458,1.0,0.46,0.0,0.54,F,Coco Vandeweghe,Alison Riske,grass,wimbledon
459,0.5714285714285714,0.5185185185185185,0.42857142857142855,0.48148148148148145,F,Alison Riske,Coco Vandeweghe,grass,wimbledon
460,0.0,0.5070422535211268,1.0,0.49295774647887325,F,Caroline Wozniacki,Anett Kontaveit,grass,wimbledon
461,1.0,0.4642857142857143,0.0,0.5357142857142857,F,Anett Kontaveit,Caroline Wozniacki,grass,wimbledon
462,0.6,0.49382716049382713,0.4,0.5061728395061729,F,Ana Konjuh,Dominika Cibulkova,grass,wimbledon
463,0.7142857142857143,0.5245901639344263,0.2857142857142857,0.47540983606557374,F,Dominika Cibulkova,Ana Konjuh,grass,wimbledon
464,0.5714285714285714,0.5098039215686274,0.42857142857142855,0.49019607843137253,F,Venus Williams,Naomi Osaka,grass,wimbledon
465,0.4,0.5128205128205128,0.6,0.48717948717948717,F,Naomi Osaka,Venus Williams,grass,wimbledon
466,0.0,0.5,1.0,0.5,F,Camila Giorgi,Jelena Ostapenko,grass,wimbledon
467,0.8,0.5,0.2,0.5,F,Jelena Ostapenko,Camila Giorgi,grass,wimbledon
468,0.5,0.391304347826087,0.5,0.6086956521739131,F,Elina Svitolina,Carina Witthoeft,grass,wimbledon
469,0.3333333333333333,0.4857142857142857,0.6666666666666666,0.5142857142857142,F,Carina Witthoeft,Elina Svitolina,grass,wimbledon
470,0.75,0.4482758620689655,0.25,0.5517241379310345,F,Maria Sakkari,Johanna Konta,grass,wimbledon
471,0.6666666666666666,0.47368421052631576,0.3333333333333333,0.5263157894736842,F,Johanna Konta,Maria Sakkari,grass,wimbledon
472,0.5,0.45,0.5,0.55,F,Madison Brengle,Caroline Garcia,grass,wimbledon
473,0.0,0.5,0.0,0.5,F,Caroline Garcia,Madison Brengle,grass,wimbledon
474,0.3333333333333333,0.45454545454545453,0.6666666666666666,0.5454545454545454,F,Heather Watson,Victoria Azarenka,grass,wimbledon
475,0.25,0.48333333333333334,0.75,0.5166666666666667,F,Victoria Azarenka,Heather Watson,grass,wimbledon
476,0.5,0.42857142857142855,0.5,0.5714285714285714,F,Simona Halep,Shuai Peng,grass,wimbledon
477,0.6,0.5,0.4,0.5,F,Shuai Peng,Simona Halep,grass,wimbledon
478,1.0,0.5087719298245614,0.0,0.49122807017543857,F,Garbine Muguruza,Angelique Kerber,grass,wimbledon
479,0.4,0.5172413793103449,0.6,0.4827586206896552,F,Angelique Kerber,Garbine Muguruza,grass,wimbledon
480,0.0,0.5098039215686274,0.0,0.49019607843137253,F,Svetlana Kuznetsova,Agnieszka Radwanska,grass,wimbledon
481,0.5,0.47368421052631576,0.5,0.5263157894736842,F,Agnieszka Radwanska,Svetlana Kuznetsova,grass,wimbledon
482,0.0,0.5510204081632653,1.0,0.4489795918367347,F,Petra Martic,Magdalena Rybarikova,grass,wimbledon
483,1.0,0.5245901639344263,0.0,0.47540983606557374,F,Magdalena Rybarikova,Petra Martic,grass,wimbledon
484,0.5,0.4666666666666667,0.5,0.5333333333333333,F,Caroline Wozniacki,Coco Vandeweghe,grass,wimbledon
485,0.0,0.5151515151515151,0.0,0.48484848484848486,F,Coco Vandeweghe,Caroline Wozniacki,grass,wimbledon
486,1.0,0.5555555555555556,0.0,0.4444444444444444,F,Venus Williams,Ana Konjuh,grass,wimbledon
487,0.5,0.4230769230769231,0.5,0.5769230769230769,F,Ana Konjuh,Venus Williams,grass,wimbledon
488,1.0,0.5666666666666667,0.0,0.43333333333333335,F,Elina Svitolina,Jelena Ostapenko,grass,wimbledon
489,0.8,0.5,0.2,0.5,F,Jelena Ostapenko,Elina Svitolina,grass,wimbledon
490,0.42857142857142855,0.4461538461538462,0.5714285714285714,0.5538461538461539,F,Caroline Garcia,Johanna Konta,grass,wimbledon
491,0.4166666666666667,0.5507246376811594,0.5833333333333334,0.4492753623188406,F,Johanna Konta,Caroline Garcia,grass,wimbledon
492,1.0,0.5333333333333333,0.0,0.4666666666666667,F,Simona Halep,Victoria Azarenka,grass,wimbledon
493,0.0,0.5833333333333334,1.0,0.4166666666666667,F,Victoria Azarenka,Simona Halep,grass,wimbledon
494,0.5,0.47619047619047616,0.5,0.5238095238095238,F,Svetlana Kuznetsova,Garbine Muguruza,grass,wimbledon
495,1.0,0.3548387096774194,0.0,0.6451612903225806,F,Garbine Muguruza,Svetlana Kuznetsova,grass,wimbledon
496,0.0,0.6296296296296297,1.0,0.37037037037037035,F,Coco Vandeweghe,Magdalena Rybarikova,grass,wimbledon
497,1.0,0.4583333333333333,0.0,0.5416666666666666,F,Magdalena Rybarikova,Coco Vandeweghe,grass,wimbledon
498,0.25,0.4878048780487805,0.75,0.5121951219512195,F,Jelena Ostapenko,Venus Williams,grass,wimbledon
499,1.0,0.5625,0.0,0.4375,F,Venus Williams,Jelena Ostapenko,grass,wimbledon
500,0.6666666666666666,0.5131578947368421,0.3333333333333333,0.4868421052631579,F,Simona Halep,Johanna Konta,grass,wimbledon
501,0.6666666666666666,0.4605263157894737,0.3333333333333333,0.5394736842105263,F,Johanna Konta,Simona Halep,grass,wimbledon
502,0.6666666666666666,0.48148148148148145,0.3333333333333333,0.5185185185185185,F,Magdalena Rybarikova,Garbine Muguruza,grass,wimbledon
503,0.0,0.48484848484848486,1.0,0.5151515151515151,F,Garbine Muguruza,Magdalena Rybarikova,grass,wimbledon
504,0.0,0.45454545454545453,0.0,0.5454545454545454,F,Johanna Konta,Venus Williams,grass,wimbledon
505,0.5714285714285714,0.4090909090909091,0.42857142857142855,0.5909090909090909,F,Venus Williams,Johanna Konta,grass,wimbledon
