1st_ace_percentage,1st_serve_percentage,1st_velocity,2nd_velocity,ad_percentage,deuce_percentage,double_fault_percentage,gender,opponent,player,points_won,serve_win_percentage,surface,tournament
0.035087719,0.581632653,105,77.87179487,0.53968254,0.46031746,0.020408163,M,Andrey Kuznetsov,Andy Murray,118,0.642857143,clay,french
0.115384615,0.509803922,101.4423077,76.26086957,0.510638298,0.489361702,0.039215686,M,Andy Murray,Andrey Kuznetsov,82,0.460784314,clay,french
0.260869565,0.5,117,75.74193548,0.465116279,0.534883721,0.050724638,M,Martin Klizan,Laurent Lokoli,156,0.623188406,clay,french
0.045977011,0.527272727,101.7471264,81.44776119,0.484210526,0.515789474,0.066666667,M,Laurent Lokoli,Martin Klizan,147,0.575757576,clay,french
0.065217391,0.58974359,91.61956522,67.27419355,0.515789474,0.484210526,0.012820513,M,Nicolas Almagro,Marcos Baghdatis,134,0.608974359,clay,french
0.222222222,0.541353383,104.6944444,93.98181818,0.5,0.5,0.045112782,M,Marcos Baghdatis,Nicolas Almagro,155,0.706766917,clay,french
0.054545455,0.625,100.3454545,80.21875,0.479166667,0.520833333,0.011363636,M,Juan Martin Del Potro,Guido Pella,63,0.545454545,clay,french
0.270833333,0.71641791,113.3125,96.05882353,0.519230769,0.480769231,0.029850746,M,Guido Pella,Juan Martin Del Potro,92,0.776119403,clay,french
0.337209302,0.666666667,106.0465116,97.8,0.522222222,0.477777778,0.023255814,M,Jordan Thompson,John Isner,129,0.697674419,clay,french
0.115384615,0.666666667,93.35897436,86.56756757,0.474358974,0.525641026,0.017094017,M,John Isner,Jordan Thompson,117,0.666666667,clay,french
0.138461538,0.532786885,0,0,0.506329114,0.493670886,0.024590164,M,Nicolas Jarry,Karen Khachanov,139,0.647540984,clay,french
0.084210526,0.650684932,0,0,0.476744186,0.523255814,0.02739726,M,Karen Khachanov,Nicolas Jarry,129,0.589041096,clay,french
0.145454545,0.433070866,100.9818182,82.125,0.507462687,0.492537313,0.062992126,M,Tomas Berdych,Jan Lennard Struff,103,0.527559055,clay,french
0.064516129,0.596153846,108.6290323,85.58974359,0.529411765,0.470588235,0.028846154,M,Jan Lennard Struff,Tomas Berdych,128,0.653846154,clay,french
0.083333333,0.661417323,115.6785714,81.23684211,0.411764706,0.588235294,0.039370079,M,Fernando Verdasco,Alexander Zverev,123,0.535433071,clay,french
0,0.6953125,100.8314607,73.64705882,0.534246575,0.465753425,0.0390625,M,Alexander Zverev,Fernando Verdasco,132,0.5703125,clay,french
0.166666667,0.545454545,106.1851852,93.18918919,0.457142857,0.542857143,0.080808081,M,Jared Donaldson,Pierre Hugues Herbert,103,0.707070707,clay,french
0.139534884,0.443298969,111.6744186,89.22,0.4375,0.5625,0.041237113,M,Pierre Hugues Herbert,Jared Donaldson,93,0.659793814,clay,french
0.111111111,0.567567568,0,0,0.492537313,0.507462687,0.018018018,M,Nicolas Kicker,Damir Dzumhur,104,0.603603604,clay,french
0,0.682692308,0,0,0.507462687,0.492537313,0.009615385,M,Damir Dzumhur,Nicolas Kicker,111,0.644230769,clay,french
0.076923077,0.631067961,84.32307692,74.75757576,0.542372881,0.457627119,0.048543689,M,Pablo Cuevas,Maxime Hamou,88,0.572815534,clay,french
0.122807018,0.59375,85.71929825,71.8,0.507462687,0.492537313,0.041666667,M,Maxime Hamou,Pablo Cuevas,111,0.697916667,clay,french
0.327586207,0.483333333,103.6551724,72.76785714,0.514285714,0.485714286,0.05,M,Hyeon Chung,Sam Querrey,102,0.583333333,clay,french
0.1,0.576923077,100.2666667,80.76315789,0.527777778,0.472222222,0.057692308,M,Sam Querrey,Hyeon Chung,122,0.692307692,clay,french
0.125,0.52173913,0,0,0.524590164,0.475409836,0.02173913,M,Denis Istomin,Ernesto Escobedo,83,0.663043478,clay,french
0.160714286,0.595744681,0,0,0.555555556,0.444444444,0.010638298,M,Ernesto Escobedo,Denis Istomin,103,0.765957447,clay,french
0.016393443,0.635416667,91.31147541,73.625,0.483333333,0.516666667,0.03125,M,Jeremy Chardy,Radu Albot,87,0.625,clay,french
0.186440678,0.614583333,102.7118644,90.48571429,0.550724638,0.449275362,0.020833333,M,Radu Albot,Jeremy Chardy,105,0.71875,clay,french
0.133333333,0.547445255,97.37333333,80.96,0.538461538,0.461538462,0.087591241,M,Kei Nishikori,Thanasi Kokkinakis,119,0.569343066,clay,french
0.042857143,0.583333333,90,78.59090909,0.46835443,0.53164557,0.05,M,Thanasi Kokkinakis,Kei Nishikori,138,0.658333333,clay,french
0.02,0.510204082,96.12,67.42553191,0.544117647,0.455882353,0.010204082,M,Jozef Kovalik,Stan Wawrinka,106,0.693877551,clay,french
0.142857143,0.456521739,103.952381,82.72916667,0.37037037,0.62962963,0.02173913,M,Stan Wawrinka,Jozef Kovalik,84,0.586956522,clay,french
0.034482759,0.542056075,0,0,0.509803922,0.490196078,0.037383178,M,Andreas Seppi,Santiago Giraldo,83,0.476635514,clay,french
0.192982456,0.6,0,0,0.492063492,0.507936508,0.031578947,M,Santiago Giraldo,Andreas Seppi,119,0.663157895,clay,french
0.179104478,0.56302521,0,0,0.513888889,0.486111111,0.033613445,M,Fabio Fognini,Frances Tiafoe,123,0.605042017,clay,french
0.038961039,0.620967742,0,0,0.493150685,0.506849315,0.112903226,M,Frances Tiafoe,Fabio Fognini,120,0.588709677,clay,french
0.14,0.515463918,84.6,76.53333333,0.53968254,0.46031746,0.020618557,M,Arthur De Greef,Richard Gasquet,110,0.649484536,clay,french
0.075471698,0.540816327,99.9245283,64.58536585,0.431372549,0.568627451,0.040816327,M,Richard Gasquet,Arthur De Greef,85,0.520408163,clay,french
0.131313131,0.589285714,0,0,0.514018692,0.485981308,0.029761905,M,Victor Estrella Burgos,Teymuraz Gabashvili,178,0.636904762,clay,french
0.063380282,0.739583333,0,0,0.52892562,0.47107438,0.036458333,M,Teymuraz Gabashvili,Victor Estrella Burgos,182,0.630208333,clay,french
0.053763441,0.6,0,0,0.520408163,0.479591837,0.051612903,M,Alexandre Muller,Thiago Monteiro,165,0.632258065,clay,french
0.042553191,0.580246914,0,0,0.431578947,0.568421053,0.030864198,M,Thiago Monteiro,Alexandre Muller,152,0.586419753,clay,french
0.1,0.444444444,97.625,72.85365854,0.553191489,0.446808511,0.1,M,Gael Monfils,Dustin Brown,74,0.522222222,clay,french
0.032258065,0.720930233,93.43548387,87.71428571,0.474576271,0.525423729,0.034883721,M,Dustin Brown,Gael Monfils,102,0.686046512,clay,french
0.037383178,0.652439024,110.3457944,82.5,0.494949495,0.505050505,0.030487805,M,Renzo Olivo,Jo Wilfried Tsonga,162,0.603658537,clay,french
0,0.679012346,106.1181818,81.87755102,0.505050505,0.494949495,0.018518519,M,Jo Wilfried Tsonga,Renzo Olivo,164,0.611111111,clay,french
0.041666667,0.592592593,72.14583333,51.76666667,0.50877193,0.49122807,0.037037037,M,Gastao Elias,Kyle Edmund,90,0.703703704,clay,french
0.119047619,0.56,61.45238095,54.15625,0.476190476,0.523809524,0.013333333,M,Kyle Edmund,Gastao Elias,66,0.56,clay,french
0.137931034,0.707317073,0,0,0.458333333,0.541666667,0.048780488,M,Malek Jaziri,Kevin Anderson,35,0.585365854,clay,french
0.05,0.571428571,0,0,0.458333333,0.541666667,0.028571429,M,Kevin Anderson,Malek Jaziri,41,0.685714286,clay,french
0.104166667,0.564705882,87.4375,84.15151515,0.5,0.5,0.047058824,M,Nick Kyrgios,Philipp Kohlschreiber,84,0.682352941,clay,french
0.294117647,0.701030928,100.8088235,78.12,0.549295775,0.450704225,0.041237113,M,Philipp Kohlschreiber,Nick Kyrgios,98,0.731958763,clay,french
0.111111111,0.606741573,0,0,0.492063492,0.507936508,0.04494382,M,Donald Young,David Ferrer,214,0.707865169,clay,french
0.038461538,0.596330275,0,0,0.469230769,0.530769231,0.02293578,M,David Ferrer,Donald Young,182,0.596330275,clay,french
0.104477612,0.644230769,0,0,0.521126761,0.478873239,0.038461538,M,Federico Delbonis,Konstantin Kravchuk,95,0.682692308,clay,french
0.098039216,0.607142857,0,0,0.5,0.5,0.023809524,M,Konstantin Kravchuk,Federico Delbonis,93,0.714285714,clay,french
0.108695652,0.567901235,100.5869565,86.78125,0.428571429,0.571428571,0.037037037,M,Marin Cilic,Ernests Gulbis,66,0.604938272,clay,french
0.179487179,0.52,103.025641,88.38709677,0.534482759,0.465517241,0.066666667,M,Ernests Gulbis,Marin Cilic,90,0.773333333,clay,french
0.279069767,0.614285714,112.7209302,111.5909091,0.473684211,0.526315789,0.071428571,M,Steve Darcis,Milos Raonic,86,0.814285714,clay,french
0.039215686,0.718309859,94.19607843,72.22222222,0.5,0.5,0.028169014,M,Milos Raonic,Steve Darcis,55,0.591549296,clay,french
0.1375,0.529801325,0,0,0.554347826,0.445652174,0.046357616,M,Mikhail Youzhny,Rogerio Dutra Silva,178,0.609271523,clay,french
0.086206897,0.571428571,0,0,0.495726496,0.504273504,0.024630542,M,Rogerio Dutra Silva,Mikhail Youzhny,176,0.57635468,clay,french
0.029411765,0.582857143,88.29411765,76.47619048,0.490909091,0.509090909,0.057142857,M,Quentin Halys,Marco Trungelliti,183,0.628571429,clay,french
0.173913043,0.50273224,100.1521739,85,0.490909091,0.509090909,0.092896175,M,Marco Trungelliti,Quentin Halys,175,0.601092896,clay,french
0.230769231,0.546218487,85.27692308,80.56,0.47826087,0.52173913,0.033613445,M,Gilles Muller,Guillermo Garcia Lopez,149,0.773109244,clay,french
0.265060241,0.560810811,87.4939759,67.73076923,0.549450549,0.450549451,0.087837838,M,Guillermo Garcia Lopez,Gilles Muller,118,0.614864865,clay,french
0.19047619,0.56,102.7857143,84.13333333,0.528301887,0.471698113,0.04,M,Florian Mayer,Pablo Carreno Busta,101,0.706666667,clay,french
0.054545455,0.555555556,102.5090909,75,0.411764706,0.588235294,0.02020202,M,Pablo Carreno Busta,Florian Mayer,73,0.515151515,clay,french
0.125,0.703296703,96.34375,80.81481481,0.492307692,0.507692308,0,M,Jerzy Janowicz,Taro Daniel,108,0.714285714,clay,french
0.191176471,0.666666667,101.5294118,87,0.423728814,0.576271186,0.058823529,M,Taro Daniel,Jerzy Janowicz,85,0.578431373,clay,french
0.092307692,0.65,81.06153846,68.03030303,0.53030303,0.46969697,0.02,M,Daniel Evans,Tommy Robredo,120,0.66,clay,french
0.030769231,0.580357143,89.41538462,69.45945946,0.431034483,0.568965517,0.089285714,M,Tommy Robredo,Daniel Evans,92,0.517857143,clay,french
0.027027027,0.506849315,85.21621622,69.85294118,0.513513514,0.486486486,0.02739726,M,Grigor Dimitrov,Stephane Robert,64,0.506849315,clay,french
0.177777778,0.535714286,102.2,79.6,0.50877193,0.49122807,0.047619048,M,Stephane Robert,Grigor Dimitrov,93,0.678571429,clay,french
0.108108108,0.627118644,95.77027027,79.925,0.5,0.5,0.033898305,M,Jiri Vesely,Jack Sock,101,0.559322034,clay,french
0.103448276,0.563106796,96.22413793,83.58139535,0.470588235,0.529411765,0.019417476,M,Jack Sock,Jiri Vesely,120,0.660194175,clay,french
0.305555556,0.444444444,87.75,70.53333333,0.508196721,0.491803279,0,M,Ryan Harrison,Aljaz Bedene,102,0.75308642,clay,french
0.155555556,0.494505495,100.3111111,96.5,0.44,0.56,0.065934066,M,Aljaz Bedene,Ryan Harrison,70,0.549450549,clay,french
0.02739726,0.848837209,0,0,0.5,0.5,0,M,Tennys Sandgren,Mikhail Kukushkin,93,0.720930233,clay,french
0.05,0.571428571,0,0,0.487179487,0.512820513,0,M,Mikhail Kukushkin,Tennys Sandgren,63,0.557142857,clay,french
0.127659574,0.516483516,0,0,0.511111111,0.488888889,0.010989011,M,Roberto Bautista Agut,John Millman,80,0.494505495,clay,french
0.057692308,0.571428571,0,0,0.5,0.5,0.032967033,M,John Millman,Roberto Bautista Agut,102,0.615384615,clay,french
0,0.428571429,107.5777778,80.12280702,0.490196078,0.509803922,0.028571429,M,Nikoloz Basilashvili,Gilles Simon,98,0.485714286,clay,french
0,0.740384615,94.98701299,79.39130435,0.473684211,0.526315789,0.038461538,M,Gilles Simon,Nikoloz Basilashvili,111,0.548076923,clay,french
0.083333333,0.558139535,0,0,0.445783133,0.554216867,0.031007752,M,Evgeny Donskoy,Viktor Troicki,116,0.643410853,clay,french
0.102564103,0.481481481,0,0,0.520833333,0.479166667,0.024691358,M,Viktor Troicki,Evgeny Donskoy,94,0.592592593,clay,french
0.162790698,0.565789474,116.3255814,91.87096774,0.471698113,0.528301887,0.026315789,M,Alex De Minaur,Robin Haase,89,0.697368421,clay,french
0.0625,0.631578947,103.4583333,85.58333333,0.475,0.525,0.052631579,M,Robin Haase,Alex De Minaur,63,0.526315789,clay,french
0,0.487804878,91.25,72.825,0.555555556,0.444444444,0.024390244,M,Rafael Nadal,Benoit Paire,57,0.43902439,clay,french
0.023809524,0.636363636,96.73809524,86.77272727,0.466666667,0.533333333,0.03030303,M,Benoit Paire,Rafael Nadal,91,0.681818182,clay,french
0.333333333,0.55,109.3030303,91.38461538,0.458333333,0.541666667,0.016666667,M,Bernard Tomic,Dominic Thiem,88,0.8,clay,french
0.06122449,0.6125,93.93877551,86.13793103,0.425,0.575,0.025,M,Dominic Thiem,Bernard Tomic,52,0.5,clay,french
0.068965517,0.783783784,104.2586207,91.25,0.490909091,0.509090909,0,M,Nicolas Mahut,Simone Bolelli,94,0.743243243,clay,french
0.104166667,0.564705882,103.4166667,88.97142857,0.47826087,0.52173913,0.023529412,M,Simone Bolelli,Nicolas Mahut,65,0.541176471,clay,french
0.153846154,0.571428571,94.21153846,84.21052632,0.438596491,0.561403509,0.010989011,M,Borna Coric,Mathias Bourgue,83,0.626373626,clay,french
0.068965517,0.591836735,111.1551724,73.92307692,0.486111111,0.513888889,0.010204082,M,Mathias Bourgue,Borna Coric,106,0.734693878,clay,french
0.038461538,0.615384615,97.35576923,79.03389831,0.495049505,0.504950495,0.035502959,M,Steve Johnson,Yuichi Sugita,156,0.597633136,clay,french
0.158536585,0.529032258,103.9268293,85.59375,0.51,0.49,0.058064516,M,Yuichi Sugita,Steve Johnson,168,0.64516129,clay,french
0.158730159,0.677419355,113.3809524,105.8888889,0.513888889,0.486111111,0.032258065,M,Stefanos Tsitsipas,Ivo Karlovic,114,0.774193548,clay,french
0.101694915,0.50862069,96.11864407,64.31372549,0.540540541,0.459459459,0.051724138,M,Ivo Karlovic,Stefanos Tsitsipas,95,0.637931034,clay,french
0.071428571,0.615384615,97.58928571,82.02941176,0.50877193,0.49122807,0.010989011,M,Adrian Mannarino,Horacio Zeballos,97,0.626373626,clay,french
0.111111111,0.65060241,99.18518519,81.76923077,0.465116279,0.534883721,0.036144578,M,Horacio Zeballos,Adrian Mannarino,77,0.518072289,clay,french
0.019607843,0.6,100.0980392,91.83870968,0.558139535,0.441860465,0.035294118,M,David Goffin,Paul Henri Mathieu,60,0.505882353,clay,french
0.261904762,0.575342466,98.11904762,78.24137931,0.553571429,0.446428571,0.02739726,M,Paul Henri Mathieu,David Goffin,98,0.767123288,clay,french
0.179104478,0.443708609,95.95522388,88.64935065,0.5,0.5,0.046357616,M,Julien Benneteau,Lucas Pouille,150,0.715231788,clay,french
0.153846154,0.623287671,91.74725275,88.23913043,0.490384615,0.509615385,0.061643836,M,Lucas Pouille,Julien Benneteau,147,0.712328767,clay,french
0.104651163,0.666666667,0,0,0.518072289,0.481927711,0.07751938,M,Dusan Lajovic,Thomaz Bellucci,145,0.643410853,clay,french
0.076086957,0.634482759,0,0,0.506024096,0.493975904,0.006896552,M,Thomaz Bellucci,Dusan Lajovic,129,0.572413793,clay,french
0.059701493,0.558333333,93,72.28571429,0.5,0.5,0.033333333,M,Daniil Medvedev,Benjamin Bonzi,123,0.616666667,clay,french
0.081967213,0.525862069,112.6393443,69.10638298,0.507462687,0.492537313,0.068965517,M,Benjamin Bonzi,Daniil Medvedev,113,0.577586207,clay,french
0.102941176,0.507462687,80.83823529,81.49180328,0.479452055,0.520547945,0.037313433,M,Albert Ramos Vinolas,Marius Copil,106,0.544776119,clay,french
0.060606061,0.605504587,79.31818182,70.3902439,0.434210526,0.565789474,0.018348624,M,Marius Copil,Albert Ramos Vinolas,137,0.697247706,clay,french
0.076923077,0.702702703,0,0,0.4,0.6,0,M,Stefano Napolitano,Mischa Zverev,45,0.675675676,clay,french
0.037037037,0.658536585,0,0,0.571428571,0.428571429,0.024390244,M,Mischa Zverev,Stefano Napolitano,33,0.512195122,clay,french
0.047619048,0.515337423,0,0,0.494949495,0.505050505,0.042944785,M,Diego Schwartzman,Andrey Rublev,158,0.607361963,clay,french
0.029411765,0.684563758,0,0,0.511111111,0.488888889,0.026845638,M,Andrey Rublev,Diego Schwartzman,154,0.604026846,clay,french
0.081632653,0.576470588,0,0,0.531914894,0.468085106,0.047058824,M,Janko Tipsarevic,Joao Sousa,90,0.552941176,clay,french
0.081632653,0.510416667,0,0,0.41509434,0.58490566,0,M,Joao Sousa,Janko Tipsarevic,91,0.552083333,clay,french
0.089285714,0.549019608,110.6964286,92.32608696,0.530612245,0.469387755,0,M,Novak Djokovic,Marcel Granollers,82,0.480392157,clay,french
0.068965517,0.666666667,91.5,94.10714286,0.462962963,0.537037037,0.011494253,M,Marcel Granollers,Novak Djokovic,107,0.620689655,clay,french
0.14516129,0.496,106.4516129,79.96610169,0.5,0.5,0.032,M,Martin Klizan,Andy Murray,144,0.704,clay,french
0.065789474,0.554744526,94.22368421,83.37037037,0.555555556,0.444444444,0.051094891,M,Andy Murray,Martin Klizan,118,0.591240876,clay,french
0.2,0.68627451,92.57142857,62.73333333,0.540540541,0.459459459,0.019607843,M,Juan Martin Del Potro,Nicolas Almagro,56,0.725490196,clay,french
0.105263158,0.644067797,98.52631579,77,0.525,0.475,0.033898305,M,Nicolas Almagro,Juan Martin Del Potro,54,0.677966102,clay,french
0.273972603,0.708737864,93.49315068,63.68965517,0.524390244,0.475609756,0.009708738,M,Paolo Lorenzi,John Isner,104,0.796116505,clay,french
0.132075472,0.588888889,88.49056604,62.05555556,0.485294118,0.514705882,0.011111111,M,John Isner,Paolo Lorenzi,89,0.755555556,clay,french
0.279069767,0.467391304,110.1860465,94.14893617,0.52238806,0.47761194,0.02173913,M,Tomas Berdych,Karen Khachanov,102,0.72826087,clay,french
0.122807018,0.57,110.7719298,78.88095238,0.569230769,0.430769231,0.01,M,Karen Khachanov,Tomas Berdych,90,0.65,clay,french
0.047619048,0.724137931,86.31428571,73.40540541,0.464646465,0.535353535,0.020689655,M,Pierre Hugues Herbert,Fernando Verdasco,158,0.682758621,clay,french
0.122222222,0.580645161,96.54444444,83.64516129,0.510416667,0.489583333,0.019354839,M,Fernando Verdasco,Pierre Hugues Herbert,142,0.619354839,clay,french
0.057692308,0.65,0,0,0.479166667,0.520833333,0.05,M,Pablo Cuevas,Nicolas Kicker,83,0.6,clay,french
0.037037037,0.586956522,0,0,0.543859649,0.456140351,0.032608696,M,Nicolas Kicker,Pablo Cuevas,89,0.619565217,clay,french
0.069767442,0.589041096,100.9069767,91.35714286,0.444444444,0.555555556,0.02739726,M,Denis Istomin,Hyeon Chung,95,0.739726027,clay,french
0.078431373,0.62195122,98.66666667,76.96296296,0.43902439,0.56097561,0.048780488,M,Hyeon Chung,Denis Istomin,60,0.5,clay,french
0.109090909,0.654761905,81.81818182,58.66666667,0.522727273,0.477272727,0.05952381,M,Kei Nishikori,Jeremy Chardy,72,0.523809524,clay,french
0.08,0.588235294,86.98,64.83333333,0.49122807,0.50877193,0.058823529,M,Jeremy Chardy,Kei Nishikori,97,0.670588235,clay,french
0.228571429,0.603448276,103.2428571,86.34146341,0.5,0.5,0.043103448,M,Alexandr Dolgopolov,Stan Wawrinka,120,0.689655172,clay,french
0.084507042,0.645454545,104.6197183,83.63157895,0.5,0.5,0.009090909,M,Stan Wawrinka,Alexandr Dolgopolov,106,0.636363636,clay,french
0.086956522,0.446601942,0,0,0.509090909,0.490909091,0.038834951,M,Fabio Fognini,Andreas Seppi,95,0.533980583,clay,french
0.087719298,0.558823529,0,0,0.467741935,0.532258065,0.068627451,M,Andreas Seppi,Fabio Fognini,110,0.607843137,clay,french
0.125,0.563380282,88.25,74.44827586,0.5,0.5,0.028169014,M,Victor Estrella Burgos,Richard Gasquet,95,0.732394366,clay,french
0,0.670731707,92.25454545,92.12,0.384615385,0.615384615,0.024390244,M,Richard Gasquet,Victor Estrella Burgos,58,0.475609756,clay,french
0.05,0.634920635,89,91.75,0.44,0.56,0.047619048,M,Gael Monfils,Thiago Monteiro,48,0.396825397,clay,french
0.113207547,0.791044776,85.28301887,65.42857143,0.545454545,0.454545455,0,M,Thiago Monteiro,Gael Monfils,82,0.656716418,clay,french
0.035087719,0.619565217,104.3157895,72.16129032,0.530612245,0.469387755,0.043478261,M,Kyle Edmund,Renzo Olivo,74,0.532608696,clay,french
0.020408163,0.6125,107.3469388,80.39285714,0.527272727,0.472727273,0.0375,M,Renzo Olivo,Kyle Edmund,98,0.6875,clay,french
0.323076923,0.580357143,111.4461538,98.43589744,0.473684211,0.526315789,0.071428571,M,Nick Kyrgios,Kevin Anderson,126,0.678571429,clay,french
0.188235294,0.696721311,101.6352941,92.07142857,0.583333333,0.416666667,0.073770492,M,Kevin Anderson,Nick Kyrgios,108,0.590163934,clay,french
0.038834951,0.591954023,101.7087379,89.84210526,0.561904762,0.438095238,0.08045977,M,Feliciano Lopez,David Ferrer,172,0.603448276,clay,french
0.107843137,0.596491228,102.1470588,83.71428571,0.509615385,0.490384615,0.035087719,M,David Ferrer,Feliciano Lopez,173,0.608187135,clay,french
0.087719298,0.686746988,100.1052632,82.20833333,0.488888889,0.511111111,0.024096386,M,Marin Cilic,Konstantin Kravchuk,61,0.542168675,clay,french
0.227272727,0.611111111,90.22727273,80.52173913,0.446428571,0.553571429,0.069444444,M,Konstantin Kravchuk,Marin Cilic,94,0.777777778,clay,french
0.276315789,0.723809524,94.18421053,92.16666667,0.5,0.5,0.047619048,M,Rogerio Dutra Silva,Milos Raonic,127,0.723809524,clay,french
0.012820513,0.619047619,94.62820513,70.75609756,0.413333333,0.586666667,0.055555556,M,Milos Raonic,Rogerio Dutra Silva,104,0.595238095,clay,french
0.04,0.568181818,0,0,0.462686567,0.537313433,0.045454545,M,Guillermo Garcia Lopez,Marco Trungelliti,104,0.507575758,clay,french
0.15,0.425531915,0,0,0.456140351,0.543859649,0.085106383,M,Marco Trungelliti,Guillermo Garcia Lopez,122,0.606382979,clay,french
0.15,0.64,94.225,70.79069767,0.5375,0.4625,0.016,M,Taro Daniel,Pablo Carreno Busta,136,0.64,clay,french
0.061728395,0.642857143,85.41975309,77.92857143,0.471428571,0.528571429,0.023809524,M,Pablo Carreno Busta,Taro Daniel,115,0.555555556,clay,french
0.016393443,0.677777778,97.68852459,89.07407407,0.578947368,0.421052632,0.022222222,M,Grigor Dimitrov,Tommy Robredo,82,0.633333333,clay,french
0.061538462,0.684210526,111.2461538,86.42307692,0.457142857,0.542857143,0.042105263,M,Tommy Robredo,Grigor Dimitrov,103,0.736842105,clay,french
0.146666667,0.568181818,106.2933333,92.51020408,0.483146067,0.516853933,0.060606061,M,Aljaz Bedene,Jiri Vesely,129,0.674242424,clay,french
0.222222222,0.495412844,107.6851852,79.80769231,0.492753623,0.507246377,0.027522936,M,Jiri Vesely,Aljaz Bedene,112,0.633027523,clay,french
0.02020202,0.761538462,89.88888889,62.86666667,0.460526316,0.539473684,0.007692308,M,Roberto Bautista Agut,Mikhail Kukushkin,122,0.584615385,clay,french
0.04,0.595238095,92.81333333,78.38,0.525,0.475,0.007936508,M,Mikhail Kukushkin,Roberto Bautista Agut,134,0.634920635,clay,french
0.021978022,0.739837398,79.87912088,71.25,0.469879518,0.530120482,0,M,Viktor Troicki,Nikoloz Basilashvili,136,0.674796748,clay,french
0.185714286,0.518518519,95.04285714,73.32758621,0.5,0.5,0.051851852,M,Nikoloz Basilashvili,Viktor Troicki,122,0.607407407,clay,french
0.117647059,0.6375,100.2745098,85.24,0.52173913,0.47826087,0.05,M,Rafael Nadal,Robin Haase,60,0.575,clay,french
0.086956522,0.696969697,89.56521739,93.73684211,0.442307692,0.557692308,0.015151515,M,Robin Haase,Rafael Nadal,86,0.787878788,clay,french
0.15,0.465116279,107.9,89.87179487,0.533333333,0.466666667,0.081395349,M,Simone Bolelli,Dominic Thiem,121,0.697674419,clay,french
0,0.796875,86.18627451,68.2,0.492537313,0.507462687,0.0078125,M,Dominic Thiem,Simone Bolelli,93,0.5234375,clay,french
0.088888889,0.5625,92.26666667,70.54545455,0.485436893,0.514563107,0.025,M,Steve Johnson,Borna Coric,147,0.64375,clay,french
0.16,0.547445255,99.06666667,74.73214286,0.505376344,0.494623656,0.04379562,M,Borna Coric,Steve Johnson,150,0.678832117,clay,french
0.421875,0.62745098,111.203125,104.90625,0.527027027,0.472972973,0.058823529,M,Horacio Zeballos,Ivo Karlovic,89,0.725490196,clay,french
0.086956522,0.71875,102.2608696,71.52,0.49382716,0.50617284,0.020833333,M,Ivo Karlovic,Horacio Zeballos,109,0.84375,clay,french
0.13253012,0.619402985,105.6506024,89.79591837,0.493506494,0.506493506,0.014925373,M,David Goffin,Sergiy Stakhovsky,100,0.574626866,clay,french
0.098360656,0.628865979,105.2131148,79.02857143,0.486486486,0.513513514,0.010309278,M,Sergiy Stakhovsky,David Goffin,131,0.762886598,clay,french
0.074626866,0.656862745,91.50746269,89.07142857,0.515625,0.484375,0.068627451,M,Thomaz Bellucci,Lucas Pouille,105,0.62745098,clay,french
0.0625,0.558139535,97.08333333,82.5,0.466666667,0.533333333,0.093023256,M,Lucas Pouille,Thomaz Bellucci,83,0.523255814,clay,french
0.026315789,0.558823529,88.52631579,64.07142857,0.566666667,0.433333333,0.029411765,M,Albert Ramos Vinolas,Benjamin Bonzi,43,0.441176471,clay,french
0.210526316,0.666666667,95.44736842,78.5,0.477272727,0.522727273,0.01754386,M,Benjamin Bonzi,Albert Ramos Vinolas,82,0.771929825,clay,french
0.058823529,0.593023256,0,0,0.434782609,0.565217391,0.011627907,M,Diego Schwartzman,Stefano Napolitano,86,0.534883721,clay,french
0.028985507,0.633027523,0,0,0.52173913,0.47826087,0.036697248,M,Stefano Napolitano,Diego Schwartzman,109,0.633027523,clay,french
0.02173913,0.554216867,101.4347826,86.25714286,0.441860465,0.558139535,0.024096386,M,Novak Djokovic,Joao Sousa,72,0.518072289,clay,french
0.039215686,0.579545455,100.0784314,89.30555556,0.542372881,0.457627119,0.011363636,M,Joao Sousa,Novak Djokovic,99,0.670454545,clay,french
0.086206897,0.568627451,103.9655172,75.17073171,0.52238806,0.47761194,0.029411765,M,Juan Martin Del Potro,Andy Murray,118,0.656862745,clay,french
0.090909091,0.611111111,107.3939394,86.84210526,0.50877193,0.49122807,0.037037037,M,Andy Murray,Juan Martin Del Potro,92,0.527777778,clay,french
0.153846154,0.65942029,116.0549451,94.42222222,0.520408163,0.479591837,0.014492754,M,Karen Khachanov,John Isner,134,0.710144928,clay,french
0.112676056,0.482993197,111.2253521,91.02941176,0.486486486,0.513513514,0.054421769,M,John Isner,Karen Khachanov,151,0.755102041,clay,french
0.041666667,0.666666667,82.20833333,72.94736842,0.510204082,0.489795918,0.069444444,M,Pablo Cuevas,Fernando Verdasco,94,0.680555556,clay,french
0,0.506666667,83.34210526,81.56666667,0.466666667,0.533333333,0.093333333,M,Fernando Verdasco,Pablo Cuevas,53,0.4,clay,french
0.078651685,0.54601227,112.8089888,92.14285714,0.524752475,0.475247525,0.024539877,M,Kei Nishikori,Hyeon Chung,160,0.619631902,clay,french
0.074468085,0.583850932,108.606383,82.390625,0.460784314,0.539215686,0.01863354,M,Hyeon Chung,Kei Nishikori,164,0.633540373,clay,french
0.12244898,0.620253165,100.3061224,77.53571429,0.481481481,0.518518519,0.025316456,M,Fabio Fognini,Stan Wawrinka,96,0.683544304,clay,french
0,0.534883721,93.34782609,65.87878788,0.522727273,0.477272727,0.081395349,M,Stan Wawrinka,Fabio Fognini,69,0.511627907,clay,french
0.027777778,0.631578947,103.5972222,82.53846154,0.472222222,0.527777778,0.026315789,M,Gael Monfils,Richard Gasquet,99,0.631578947,clay,french
0.061538462,0.706521739,102.0769231,80.75,0.507692308,0.492307692,0.032608696,M,Richard Gasquet,Gael Monfils,107,0.706521739,clay,french
0.043478261,0.550898204,106.2065217,87.1884058,0.527272727,0.472727273,0.035928144,M,Kevin Anderson,Kyle Edmund,154,0.658682635,clay,french
0.219047619,0.652173913,112.6,104.1481481,0.478632479,0.521367521,0.01242236,M,Kyle Edmund,Kevin Anderson,174,0.726708075,clay,french
0.023255814,0.614285714,97.39534884,88.96,0.548387097,0.451612903,0.028571429,M,Marin Cilic,Feliciano Lopez,60,0.442857143,clay,french
0.210526316,0.463414634,100.7105263,86.58974359,0.433962264,0.566037736,0.06097561,M,Feliciano Lopez,Marin Cilic,92,0.646341463,clay,french
0.285714286,0.736842105,104.5714286,82,0.5,0.5,0.052631579,M,Guillermo Garcia Lopez,Milos Raonic,33,0.842105263,clay,french
0.071428571,0.482758621,98.42857143,59.22222222,0.5,0.5,0.206896552,M,Milos Raonic,Guillermo Garcia Lopez,15,0.413793103,clay,french
0,0.639175258,103.5806452,82.8125,0.546875,0.453125,0.030927835,M,Grigor Dimitrov,Pablo Carreno Busta,108,0.659793814,clay,french
0.218181818,0.533980583,110.0727273,86.90697674,0.525423729,0.474576271,0.048543689,M,Pablo Carreno Busta,Grigor Dimitrov,92,0.572815534,clay,french
0.11627907,0.5375,109.7674419,83.16129032,0.604651163,0.395348837,0.075,M,Roberto Bautista Agut,Jiri Vesely,75,0.5375,clay,french
0.074074074,0.606741573,86.16666667,70.32258065,0.49122807,0.50877193,0.04494382,M,Jiri Vesely,Roberto Bautista Agut,94,0.640449438,clay,french
0.020833333,0.738461538,80.8125,54.53333333,0.375,0.625,0.030769231,M,Rafael Nadal,Nikoloz Basilashvili,36,0.369230769,clay,french
0.068965517,0.547169811,103.4827586,75.875,0.512195122,0.487804878,0,M,Nikoloz Basilashvili,Rafael Nadal,82,0.773584906,clay,french
0.185185185,0.675,104.1481481,98.68181818,0.484375,0.515625,0.05,M,Steve Johnson,Dominic Thiem,118,0.8,clay,french
0.069444444,0.610169492,111.0416667,89.6,0.484375,0.515625,0.008474576,M,Dominic Thiem,Steve Johnson,80,0.542372881,clay,french
0,0.583333333,95.57142857,85.92857143,0.5,0.5,0.027777778,M,David Goffin,Horacio Zeballos,32,0.611111111,clay,french
0.133333333,0.46875,94.86666667,77.3125,0.5,0.5,0.03125,M,Horacio Zeballos,David Goffin,36,0.6875,clay,french
0.06741573,0.570512821,98.66292135,76.22413793,0.505617978,0.494382022,0.057692308,M,Albert Ramos Vinolas,Lucas Pouille,147,0.570512821,clay,french
0.021276596,0.622516556,86.65957447,74.03921569,0.483870968,0.516129032,0.039735099,M,Lucas Pouille,Albert Ramos Vinolas,160,0.61589404,clay,french
0.032608696,0.60130719,81.57608696,68.98214286,0.444444444,0.555555556,0.032679739,M,Novak Djokovic,Diego Schwartzman,114,0.529411765,clay,french
0.0875,0.701754386,97.75,72.18181818,0.50617284,0.49382716,0.00877193,M,Diego Schwartzman,Novak Djokovic,153,0.710526316,clay,french
0.094339623,0.654320988,103.9056604,79.92592593,0.482758621,0.517241379,0.012345679,M,Karen Khachanov,Andy Murray,90,0.716049383,clay,french
0.02173913,0.582278481,116.2391304,99.44444444,0.489361702,0.510638298,0.075949367,M,Andy Murray,Karen Khachanov,70,0.594936709,clay,french
0.038961039,0.706422018,93.06493506,77.07692308,0.566666667,0.433333333,0.055045872,M,Kei Nishikori,Fernando Verdasco,110,0.550458716,clay,french
0.06779661,0.526785714,93.69491525,79.37254902,0.5,0.5,0.017857143,M,Fernando Verdasco,Kei Nishikori,111,0.553571429,clay,french
0.037974684,0.622047244,109,89.57446809,0.524390244,0.475609756,0.007874016,M,Gael Monfils,Stan Wawrinka,116,0.645669291,clay,french
0.068965517,0.644444444,106.8793103,86.48275862,0.517857143,0.482142857,0.033333333,M,Stan Wawrinka,Gael Monfils,101,0.622222222,clay,french
0,0.484848485,124.125,86.875,0.5,0.5,0.03030303,M,Marin Cilic,Kevin Anderson,25,0.424242424,clay,french
0.235294118,0.53125,109.4705882,80.30769231,0.476190476,0.523809524,0.0625,M,Kevin Anderson,Marin Cilic,40,0.65625,clay,french
0.201612903,0.704545455,102.0645161,79.95555556,0.513513514,0.486486486,0.039772727,M,Pablo Carreno Busta,Milos Raonic,189,0.630681818,clay,french
0.065359477,0.742718447,88.24836601,74.50943396,0.484375,0.515625,0,M,Milos Raonic,Pablo Carreno Busta,193,0.621359223,clay,french
0,0.763157895,73.12068966,58.05882353,0.472222222,0.527777778,0.013157895,M,Rafael Nadal,Roberto Bautista Agut,56,0.473684211,clay,french
0.071428571,0.617647059,102.452381,67.625,0.458333333,0.541666667,0.029411765,M,Roberto Bautista Agut,Rafael Nadal,88,0.705882353,clay,french
0.105263158,0.575757576,104.5526316,81.43478261,0.458333333,0.541666667,0.075757576,M,Horacio Zeballos,Dominic Thiem,88,0.727272727,clay,french
0.020408163,0.671232877,95.6122449,74.56521739,0.575757576,0.424242424,0.01369863,M,Dominic Thiem,Horacio Zeballos,51,0.452054795,clay,french
0.046875,0.646464646,92.59375,82.78787879,0.46,0.54,0.02020202,M,Novak Djokovic,Albert Ramos Vinolas,87,0.505050505,clay,french
0.049180328,0.616161616,104.1967213,73.31578947,0.451612903,0.548387097,0,M,Albert Ramos Vinolas,Novak Djokovic,111,0.626262626,clay,french
0.043478261,0.621621622,92.57971014,75.41666667,0.420289855,0.579710145,0.054054054,M,Kei Nishikori,Andy Murray,109,0.621621622,clay,french
0,0.561797753,82.66,79.08108108,0.632653061,0.367346939,0.02247191,M,Andy Murray,Kei Nishikori,91,0.550561798,clay,french
0.041666667,0.623376623,93.02083333,94.92592593,0.592592593,0.407407407,0.025974026,M,Marin Cilic,Stan Wawrinka,88,0.701298701,clay,french
0.151515152,0.485294118,78.6969697,87.13793103,0.470588235,0.529411765,0.088235294,M,Stan Wawrinka,Marin Cilic,57,0.5,clay,french
0,0.785714286,93.68181818,39.75,0.625,0.375,0.071428571,M,Rafael Nadal,Pablo Carreno Busta,20,0.285714286,clay,french
0,0.653846154,100.2941176,71.11111111,0.714285714,0.285714286,0,M,Pablo Carreno Busta,Rafael Nadal,34,0.538461538,clay,french
0.04,0.609756098,112.22,92.27586207,0.518518519,0.481481481,0.036585366,M,Novak Djokovic,Dominic Thiem,105,0.658536585,clay,french
0.029850746,0.644230769,109.9402985,86.02941176,0.490566038,0.509433962,0.028846154,M,Dominic Thiem,Novak Djokovic,81,0.509615385,clay,french
0.01,0.578034682,96.75,73.58823529,0.48,0.52,0.028901734,M,Stan Wawrinka,Andy Murray,160,0.578034682,clay,french
0.060606061,0.596385542,100.3434343,88.375,0.452830189,0.547169811,0.018072289,M,Andy Murray,Stan Wawrinka,179,0.638554217,clay,french
0.040816327,0.662162162,110.0408163,81.52173913,0.5,0.5,0.027027027,M,Dominic Thiem,Rafael Nadal,94,0.72972973,clay,french
0.046511628,0.530864198,92.8372093,93.68571429,0.56097561,0.43902439,0.037037037,M,Rafael Nadal,Dominic Thiem,61,0.50617284,clay,french
0.02,0.581395349,115.06,95.72222222,0.5,0.5,0,M,Rafael Nadal,Stan Wawrinka,57,0.488372093,clay,french
0.071428571,0.646153846,114.2619048,95.04347826,0.52,0.48,0,M,Stan Wawrinka,Rafael Nadal,94,0.769230769,clay,french
0,0.614035088,52.45714286,60.94444444,0.4,0.6,0.070175439,F,Ekaterina Makarova,Angelique Kerber,55,0.438596491,clay,french
0.058823529,0.728571429,78.8627451,62.05882353,0.5,0.5,0.028571429,F,Angelique Kerber,Ekaterina Makarova,72,0.571428571,clay,french
0,0.645833333,77.58064516,72.42857143,0.466666667,0.533333333,0.0625,F,Kateryna Kozlova,Lesia Tsurenko,68,0.625,clay,french
0.021276596,0.723076923,81.06382979,63.35294118,0.555555556,0.444444444,0.015384615,F,Lesia Tsurenko,Kateryna Kozlova,45,0.415384615,clay,french
0.015625,0.62745098,91.65625,71.8125,0.553191489,0.446808511,0.058823529,F,Jelena Ostapenko,Louisa Chirico,87,0.460784314,clay,french
0.075,0.454545455,93.45,68.3255814,0.5625,0.4375,0.056818182,F,Louisa Chirico,Jelena Ostapenko,103,0.545454545,clay,french
0.068181818,0.571428571,71.18181818,69.46666667,0.5,0.5,0.038961039,F,Roberta Vinci,Monica Puig,84,0.649350649,clay,french
0.081632653,0.569767442,69.89795918,61.12121212,0.403846154,0.596153846,0.046511628,F,Monica Puig,Roberta Vinci,79,0.604651163,clay,french
0.131578947,0.584615385,93.55263158,78.76923077,0.488372093,0.511627907,0.015384615,F,Kristina Kucova,Samantha Stosur,75,0.661538462,clay,french
0.023809524,0.711864407,75.45238095,68.07142857,0.518518519,0.481481481,0.050847458,F,Samantha Stosur,Kristina Kucova,49,0.457627119,clay,french
0.133333333,0.642857143,84.86666667,69.45833333,0.487804878,0.512195122,0.014285714,F,Mandy Minella,Kirsten Flipkens,80,0.585714286,clay,french
0.023255814,0.558441558,90.90697674,72.12121212,0.5,0.5,0.012987013,F,Kirsten Flipkens,Mandy Minella,67,0.493506494,clay,french
0.111111111,0.435483871,74.03703704,60,0.485714286,0.514285714,0.016129032,F,Evgeniya Rodina,Bethanie Mattek Sands,72,0.564516129,clay,french
0,0.661290323,49.19512195,41.85714286,0.4,0.6,0.112903226,F,Bethanie Mattek Sands,Evgeniya Rodina,52,0.403225806,clay,french
0,0.596153846,85.12903226,54.77777778,0.481481481,0.518518519,0.057692308,F,Petra Kvitova,Julia Boserup,42,0.519230769,clay,french
0.243243243,0.660714286,73.08108108,83.57142857,0.512195122,0.487804878,0.089285714,F,Julia Boserup,Petra Kvitova,66,0.732142857,clay,french
0,0.590909091,56.57692308,55.23529412,0.547169811,0.452830189,0.022727273,F,Jaimee Fourlis,Caroline Wozniacki,91,0.602272727,clay,french
0.018181818,0.625,75.32727273,66.33333333,0.5,0.5,0.034090909,F,Caroline Wozniacki,Jaimee Fourlis,85,0.568181818,clay,french
0.0625,0.727272727,0,0,0.476190476,0.523809524,0.015151515,F,Tessah Andrianjafitrimo,Francoise Abanda,70,0.636363636,clay,french
0,0.508474576,0,0,0.580645161,0.419354839,0,F,Francoise Abanda,Tessah Andrianjafitrimo,55,0.525423729,clay,french
0.022727273,0.586666667,86.75,69.68,0.525,0.475,0.08,F,Kiki Bertens,Ajla Tomljanovic,63,0.533333333,clay,french
0.289473684,0.527777778,95.39473684,71.40740741,0.510204082,0.489795918,0.097222222,F,Ajla Tomljanovic,Kiki Bertens,84,0.680555556,clay,french
0.028985507,0.627272727,64.08695652,63.45454545,0.462962963,0.537037037,0.072727273,F,Aliaksandra Sasnovich,Viktorija Golubic,102,0.490909091,clay,french
0.061538462,0.684210526,73.12307692,59.25,0.531914894,0.468085106,0.063157895,F,Viktorija Golubic,Aliaksandra Sasnovich,103,0.494736842,clay,french
0.047619048,0.488372093,91.66666667,82.5,0.6,0.4,0.139534884,F,Oceane Dodin,Camila Giorgi,47,0.465116279,clay,french
0.243243243,0.552238806,109.4054054,88.95652174,0.5,0.5,0.104477612,F,Camila Giorgi,Oceane Dodin,63,0.597014925,clay,french
0,0.576470588,98.3877551,71.5,0.441860465,0.558139535,0.047058824,F,Svetlana Kuznetsova,Christina McHale,79,0.505882353,clay,french
0.049180328,0.7625,77.81967213,54.86666667,0.545454545,0.454545455,0.05,F,Christina McHale,Svetlana Kuznetsova,86,0.55,clay,french
0.051282051,0.684210526,72.23076923,55.05882353,0.459459459,0.540540541,0.01754386,F,Francesca Schiavone,nan,67,0.649122807,clay,french
0.034482759,0.557692308,95.65517241,86.89473684,0.590909091,0.409090909,0.076923077,F,nan,Francesca Schiavone,42,0.423076923,clay,french
0.04,0.694444444,0,0,0.533333333,0.466666667,0.055555556,F,Natalia Vikhlyantseva,Johanna Larsson,78,0.625,clay,french
0.040816327,0.680555556,0,0,0.564102564,0.435897436,0.055555556,F,Johanna Larsson,Natalia Vikhlyantseva,66,0.541666667,clay,french
0,0.522727273,90.13043478,82.0625,0.388888889,0.611111111,0.113636364,F,Yulia Putintseva,Myrtille Georges,39,0.409090909,clay,french
0.027777778,0.642857143,83.41666667,67.6875,0.514285714,0.485714286,0.071428571,F,Myrtille Georges,Yulia Putintseva,61,0.625,clay,french
0.060606061,0.568965517,82.27272727,77.88235294,0.40625,0.59375,0.137931034,F,Cagla Buyukakcay,Mirjana Lucic Baroni,46,0.551724138,clay,french
0.027777778,0.705882353,87.66666667,77.61538462,0.540540541,0.459459459,0.039215686,F,Mirjana Lucic Baroni,Cagla Buyukakcay,63,0.725490196,clay,french
0.048780488,0.640625,0,0,0.5,0.5,0.046875,F,Shelby Rogers,Marina Erakovic,59,0.65625,clay,french
0.093023256,0.661538462,0,0,0.5,0.5,0.015384615,F,Marina Erakovic,Shelby Rogers,70,0.738461538,clay,french
0,0.794117647,62.2037037,35.61538462,0.5,0.5,0.014705882,F,Misaki Doi,Sara Errani,76,0.529411765,clay,french
0,0.529411765,92.66666667,61.24137931,0.464285714,0.535714286,0.044117647,F,Sara Errani,Misaki Doi,60,0.411764706,clay,french
0.131147541,0.504132231,88.24590164,67.62962963,0.560606061,0.439393939,0.049586777,F,Kristina Mladenovic,Jennifer Brady,115,0.545454545,clay,french
0.043478261,0.58974359,73.13043478,58.24390244,0.544117647,0.455882353,0.05982906,F,Jennifer Brady,Kristina Mladenovic,123,0.581196581,clay,french
0.074074074,0.620689655,93.92592593,76.91666667,0.622641509,0.377358491,0.103448276,F,Qiang Wang,Venus Williams,86,0.609195402,clay,french
0.048780488,0.532467532,98.63414634,81.97142857,0.5,0.5,0.012987013,F,Venus Williams,Qiang Wang,78,0.571428571,clay,french
0.054794521,0.618644068,92.61643836,71.48837209,0.45,0.55,0.016949153,F,Kurumi Nara,Amanda Anisimova,116,0.508474576,clay,french
0.013513514,0.637931034,80.06756757,67.475,0.483333333,0.516666667,0.017241379,F,Amanda Anisimova,Kurumi Nara,118,0.517241379,clay,french
0.114285714,0.555555556,0,0,0.388888889,0.611111111,0.047619048,F,Richel Hogenkamp,Jelena Jankovic,51,0.571428571,clay,french
0.117647059,0.62962963,0,0,0.58974359,0.41025641,0.055555556,F,Jelena Jankovic,Richel Hogenkamp,66,0.722222222,clay,french
0.066666667,0.6,92.76666667,69.02857143,0.509433962,0.490566038,0.05,F,Daria Gavrilova,Elise Mertens,91,0.53,clay,french
0.018181818,0.632183908,84.76363636,73.09677419,0.551020408,0.448979592,0.011494253,F,Elise Mertens,Daria Gavrilova,96,0.563218391,clay,french
0,0.590163934,0,0,0.4,0.6,0.032786885,F,Sara Sorribes Tormo,Timea Bacsinszky,65,0.573770492,clay,french
0,0.568181818,0,0,0.5,0.5,0.227272727,F,Timea Bacsinszky,Sara Sorribes Tormo,40,0.318181818,clay,french
0,0.825,74.46464646,70.36842105,0.564516129,0.435483871,0.016666667,F,Julia Goerges,Madison Brengle,118,0.516666667,clay,french
0.084507042,0.568,101.8450704,77.89583333,0.449275362,0.550724638,0.048,F,Madison Brengle,Julia Goerges,127,0.552,clay,french
0,0.488888889,94.63636364,78.7,0.5,0.5,0.066666667,F,Dominika Cibulkova,Lara Arruabarrena,44,0.444444444,clay,french
0,0.590909091,87.17948718,72.73913043,0.476190476,0.523809524,0.060606061,F,Lara Arruabarrena,Dominika Cibulkova,67,0.636363636,clay,french
0.054054054,0.544117647,87.18918919,64.93103448,0.409090909,0.590909091,0.029411765,F,Yaroslava Shvedova,Elina Svitolina,67,0.647058824,clay,french
0,0.769230769,74.275,74.66666667,0.517241379,0.482758621,0,F,Elina Svitolina,Yaroslava Shvedova,53,0.557692308,clay,french
0,0.672727273,0,0,0.481481481,0.518518519,0.036363636,F,Tsvetana Pironkova,Mona Barthel,47,0.490909091,clay,french
0.03030303,0.634615385,0,0,0.53125,0.46875,0.038461538,F,Mona Barthel,Tsvetana Pironkova,60,0.615384615,clay,french
0.024390244,0.532467532,86.17073171,75.4137931,0.567567568,0.432432432,0.090909091,F,Magda Linette,nan,52,0.480519481,clay,french
0.09375,0.653061224,82.5625,72.375,0.441176471,0.558823529,0.020408163,F,nan,Magda Linette,74,0.693877551,clay,french
0.096774194,0.563636364,88.64516129,71,0.472222222,0.527777778,0.072727273,F,Annika Beck,Anastasija Sevastova,66,0.654545455,clay,french
0,0.661016949,78.61538462,64.1,0.379310345,0.620689655,0,F,Anastasija Sevastova,Annika Beck,48,0.491525424,clay,french
0,0.734939759,75.95081967,70.57894737,0.511111111,0.488888889,0.036144578,F,Eugenie Bouchard,Risa Ozaki,70,0.542168675,clay,french
0.073170732,0.594202899,93.70731707,70.36,0.5,0.5,0.043478261,F,Risa Ozaki,Eugenie Bouchard,82,0.637681159,clay,french
0.114285714,0.593220339,0,0,0.533333333,0.466666667,0.06779661,F,Petra Martic,Kateryna Bondarenko,53,0.508474576,clay,french
0.152173913,0.71875,0,0,0.365853659,0.634146341,0.0625,F,Kateryna Bondarenko,Petra Martic,70,0.640625,clay,french
0.032258065,0.563636364,95.12903226,87.52941176,0.533333333,0.466666667,0.127272727,F,Madison Keys,Ashleigh Barty,44,0.545454545,clay,french
0.033333333,0.6,94.26666667,73.65,0.472222222,0.527777778,0,F,Ashleigh Barty,Madison Keys,61,0.72,clay,french
0.104166667,0.564705882,96.20833333,71.94117647,0.5,0.5,0.035294118,F,Beatriz Haddad Maia,Elena Vesnina,93,0.564705882,clay,french
0.049180328,0.655913978,85.50819672,65.92307692,0.541666667,0.458333333,0.064516129,F,Elena Vesnina,Beatriz Haddad Maia,85,0.516129032,clay,french
0.074074074,0.551020408,0,0,0.5625,0.4375,0.081632653,F,Shuai Peng,Sorana Cirstea,57,0.653061224,clay,french
0.032258065,0.673913043,0,0,0.428571429,0.571428571,0,F,Sorana Cirstea,Shuai Peng,38,0.456521739,clay,french
0,0.611940299,0,0,0.586206897,0.413793103,0.014925373,F,Carla Suarez Navarro,Maria Sakkari,45,0.432835821,clay,french
0,0.571428571,0,0,0.423076923,0.576923077,0.023809524,F,Maria Sakkari,Carla Suarez Navarro,64,0.619047619,clay,french
0.05,0.588235294,92.2,80.55555556,0.52,0.48,0.147058824,F,Amandine Hesse,Marketa Vondrousova,55,0.735294118,clay,french
0.038461538,0.565217391,82.42307692,68.21052632,0.5,0.5,0.02173913,F,Marketa Vondrousova,Amandine Hesse,25,0.347826087,clay,french
0.03125,0.666666667,0,0,0.476190476,0.523809524,0.0625,F,Tatjana Maria,Ying Ying Duan,46,0.4375,clay,french
0.027777778,0.580645161,0,0,0.513513514,0.486486486,0.032258065,F,Ying Ying Duan,Tatjana Maria,64,0.596774194,clay,french
0,0.666666667,66.78947368,59.33333333,0.565217391,0.434782609,0.070175439,F,Simona Halep,Jana Cepelova,44,0.403508772,clay,french
0,0.78,63.61538462,60.4,0.482758621,0.517241379,0.02,F,Jana Cepelova,Simona Halep,63,0.58,clay,french
0.06779661,0.627659574,90.54237288,71.79411765,0.507936508,0.492063492,0.010638298,F,Su Wei Hsieh,Johanna Konta,105,0.670212766,clay,french
0,0.60952381,79.203125,68.75,0.507936508,0.492063492,0.00952381,F,Johanna Konta,Su Wei Hsieh,94,0.6,clay,french
0,0.592592593,74.9375,76.75,0.5,0.5,0.037037037,F,Taylor Townsend,Miyu Kato,46,0.407407407,clay,french
0,0.677966102,76.825,66,0.485714286,0.514285714,0.033898305,F,Miyu Kato,Taylor Townsend,67,0.593220339,clay,french
0.152173913,0.516853933,82.04347826,66.47058824,0.483333333,0.516666667,0.101123596,F,Kristyna Pliskova,Chloe Paquet,100,0.674157303,clay,french
0.069767442,0.477777778,81.60465116,63.11363636,0.44,0.56,0.033333333,F,Chloe Paquet,Kristyna Pliskova,79,0.555555556,clay,french
0.03030303,0.589285714,71.42424242,80.84210526,0.461538462,0.538461538,0.071428571,F,Caroline Garcia,Nao Hibino,37,0.464285714,clay,french
0.148148148,0.658536585,92.96296296,79.09090909,0.5,0.5,0.073170732,F,Nao Hibino,Caroline Garcia,60,0.731707317,clay,french
0.071428571,0.65625,89.52380952,69.5,0.475,0.525,0.03125,F,Alison Riske,Barbora Strycova,62,0.625,clay,french
0,0.6,70,61.625,0.565217391,0.434782609,0.044444444,F,Barbora Strycova,Alison Riske,47,0.511111111,clay,french
0.012345679,0.716814159,74.38271605,56.07142857,0.476923077,0.523076923,0.03539823,F,Timea Babos,nan,115,0.575221239,clay,french
0.015384615,0.663265306,88.47692308,64.96428571,0.541666667,0.458333333,0.051020408,F,nan,Timea Babos,96,0.489795918,clay,french
0.081081081,0.560606061,94.86486486,71.96428571,0.527777778,0.472222222,0.015151515,F,Alison Van Uytvanck,Naomi Osaka,58,0.545454545,clay,french
0.102564103,0.609375,93.76923077,77.79166667,0.452380952,0.547619048,0.015625,F,Naomi Osaka,Alison Van Uytvanck,72,0.65625,clay,french
0,0.588235294,80.53333333,68.47368421,0.545454545,0.454545455,0.039215686,F,Agnieszka Radwanska,Fiona Ferro,40,0.431372549,clay,french
0.142857143,0.549019608,81.07142857,62.13636364,0.545454545,0.454545455,0.019607843,F,Fiona Ferro,Agnieszka Radwanska,62,0.647058824,clay,french
0.034482759,0.69047619,89.20689655,64.33333333,0.533333333,0.466666667,0.023809524,F,Lucie Safarova,Veronica Cepede Royg,60,0.714285714,clay,french
0.032258065,0.534482759,77.64516129,70.59090909,0.607142857,0.392857143,0.086206897,F,Veronica Cepede Royg,Lucie Safarova,40,0.482758621,clay,french
0.023809524,0.538461538,0,0,0.512195122,0.487804878,0.128205128,F,Irina Camelia Begu,Mariana Duque Marino,77,0.525641026,clay,french
0,0.590909091,0,0,0.5,0.5,0.121212121,F,Mariana Duque Marino,Irina Camelia Begu,67,0.454545455,clay,french
0.172413793,0.527272727,89.93103448,65.53846154,0.525,0.475,0,F,Coco Vandeweghe,Magdalena Rybarikova,60,0.727272727,clay,french
0.04,0.581395349,99.32,85,0.47826087,0.52173913,0.069767442,F,Magdalena Rybarikova,Coco Vandeweghe,38,0.534883721,clay,french
0.039215686,0.593023256,0,0,0.533333333,0.466666667,0.046511628,F,Carina Witthoeft,Lauren Davis,85,0.523255814,clay,french
0.014705882,0.790697674,0,0,0.543478261,0.456521739,0.034883721,F,Lauren Davis,Carina Witthoeft,87,0.534883721,clay,french
0.041666667,0.558139535,82.66666667,66.61111111,0.529411765,0.470588235,0.023255814,F,Pauline Parmentier,Irina Khromacheva,38,0.395348837,clay,french
0.105263158,0.655172414,89.5,76.58823529,0.432432432,0.567567568,0.051724138,F,Irina Khromacheva,Pauline Parmentier,63,0.637931034,clay,french
0.076923077,0.553191489,0,0,0.448275862,0.551724138,0.063829787,F,Katerina Siniakova,Ekaterina Alexandrova,85,0.617021277,clay,french
0.021276596,0.68115942,0,0,0.571428571,0.428571429,0.014492754,F,Ekaterina Alexandrova,Katerina Siniakova,78,0.608695652,clay,french
0,0.791044776,69.69811321,51.76923077,0.5625,0.4375,0.014925373,F,Karolina Pliskova,Saisai Zheng,55,0.47761194,clay,french
0,0.603448276,59.42857143,59.72727273,0.457142857,0.542857143,0.017241379,F,Saisai Zheng,Karolina Pliskova,70,0.603448276,clay,french
0,0.684210526,0,0,0.357142857,0.642857143,0.052631579,F,Lesia Tsurenko,Ekaterina Makarova,37,0.368421053,clay,french
0,0.701754386,0,0,0.529411765,0.470588235,0.035087719,F,Ekaterina Makarova,Lesia Tsurenko,58,0.596491228,clay,french
0.128205128,0.6,0,0,0.434782609,0.565217391,0.046153846,F,Monica Puig,Jelena Ostapenko,66,0.707692308,clay,french
0.090909091,0.6875,0,0,0.607142857,0.392857143,0.0625,F,Jelena Ostapenko,Monica Puig,47,0.583333333,clay,french
0.034482759,0.5,106.8965517,78.14285714,0.395348837,0.604651163,0.017241379,F,Kirsten Flipkens,Samantha Stosur,82,0.74137931,clay,french
0.018181818,0.647058824,86.76363636,70.21428571,0.52173913,0.47826087,0.023529412,F,Samantha Stosur,Kirsten Flipkens,61,0.541176471,clay,french
0.075,0.43956044,102.125,74.51020408,0.563636364,0.436363636,0.021978022,F,Petra Kvitova,Bethanie Mattek Sands,91,0.604395604,clay,french
0.066666667,0.722891566,87.1,77.28571429,0.404255319,0.595744681,0.108433735,F,Bethanie Mattek Sands,Petra Kvitova,83,0.56626506,clay,french
0.04,0.735294118,82.12,77.77777778,0.576923077,0.423076923,0,F,Francoise Abanda,Caroline Wozniacki,54,0.764705882,clay,french
0.035714286,0.666666667,89.35714286,60.16666667,0.5,0.5,0.047619048,F,Caroline Wozniacki,Francoise Abanda,22,0.333333333,clay,french
0,0.592592593,76.83333333,72.29032258,0.568181818,0.431818182,0.024691358,F,Kiki Bertens,Catherine Bellis,78,0.543209877,clay,french
0.157894737,0.550724638,87.05263158,74.52,0.542857143,0.457142857,0.086956522,F,Catherine Bellis,Kiki Bertens,72,0.507246377,clay,french
0.066666667,0.638297872,0,0,0.490909091,0.509090909,0.010638298,F,Aliaksandra Sasnovich,Shuai Zhang,93,0.585106383,clay,french
0,0.701298701,0,0,0.538461538,0.461538462,0.064935065,F,Shuai Zhang,Aliaksandra Sasnovich,78,0.506493506,clay,french
0.045454545,0.6,98.37878788,83.125,0.471698113,0.528301887,0.109090909,F,Svetlana Kuznetsova,Oceane Dodin,110,0.481818182,clay,french
0.085714286,0.619469027,90.91428571,62.66666667,0.428571429,0.571428571,0.008849558,F,Oceane Dodin,Svetlana Kuznetsova,113,0.495575221,clay,french
0.037735849,0.595505618,88.37735849,78.66666667,0.465517241,0.534482759,0.033707865,F,Anett Kontaveit,nan,94,0.651685393,clay,french
0.052631579,0.633333333,92.1754386,70.13793103,0.537037037,0.462962963,0.044444444,F,nan,Anett Kontaveit,85,0.6,clay,french
0.017241379,0.783783784,82.98275862,66.4,0.52173913,0.47826087,0.013513514,F,Yulia Putintseva,Johanna Larsson,91,0.621621622,clay,french
0,0.710280374,81.53947368,71.56,0.516129032,0.483870968,0.056074766,F,Johanna Larsson,Yulia Putintseva,90,0.579439252,clay,french
0,0.771084337,0,0,0.476190476,0.523809524,0.012048193,F,Shelby Rogers,Cagla Buyukakcay,75,0.506024096,clay,french
0.039215686,0.68,0,0,0.547619048,0.452380952,0.013333333,F,Cagla Buyukakcay,Shelby Rogers,83,0.56,clay,french
0,0.823529412,70.35714286,59.55555556,0.541666667,0.458333333,0,F,Kristina Mladenovic,Sara Errani,51,0.470588235,clay,french
0.024390244,0.630769231,89.29268293,77.4,0.473684211,0.526315789,0.061538462,F,Sara Errani,Kristina Mladenovic,65,0.584615385,clay,french
0.052631579,0.655172414,84.55263158,69.06666667,0.459459459,0.540540541,0.086206897,F,Kurumi Nara,Venus Williams,74,0.637931034,clay,french
0,0.634920635,73.6,71.15,0.423076923,0.576923077,0.047619048,F,Venus Williams,Kurumi Nara,47,0.412698413,clay,french
0.027027027,0.544117647,80.16216216,60.53571429,0.485714286,0.514285714,0.044117647,F,Elise Mertens,Richel Hogenkamp,59,0.514705882,clay,french
0.040816327,0.790322581,77.6122449,55.90909091,0.473684211,0.526315789,0.032258065,F,Richel Hogenkamp,Elise Mertens,71,0.612903226,clay,french
0,0.740740741,82.225,68.61538462,0.416666667,0.583333333,0.018518519,F,Madison Brengle,Timea Bacsinszky,65,0.666666667,clay,french
0,0.784313725,74.075,57,0.363636364,0.636363636,0,F,Timea Bacsinszky,Madison Brengle,40,0.431372549,clay,french
0.12,0.510204082,74.88,75.66666667,0.571428571,0.428571429,0.06122449,F,Dominika Cibulkova,Ons Jabeur,68,0.714285714,clay,french
0,0.61971831,91.75,69,0.526315789,0.473684211,0.042253521,F,Ons Jabeur,Dominika Cibulkova,52,0.535211268,clay,french
0.023255814,0.597222222,87.13953488,59.95833333,0.5,0.5,0.069444444,F,Tsvetana Pironkova,Elina Svitolina,82,0.583333333,clay,french
0.042553191,0.5875,81.21276596,73.3125,0.425,0.575,0.0125,F,Elina Svitolina,Tsvetana Pironkova,70,0.5,clay,french
0.051282051,0.795918367,0,0,0.533333333,0.466666667,0.040816327,F,Ana Konjuh,Magda Linette,61,0.612244898,clay,french
0.090909091,0.611111111,0,0,0.52173913,0.47826087,0.074074074,F,Magda Linette,Ana Konjuh,42,0.425925926,clay,french
0.0625,0.680851064,74.4375,57.71428571,0.571428571,0.428571429,0.021276596,F,Eugenie Bouchard,Anastasija Sevastova,59,0.595744681,clay,french
0.043478261,0.511111111,93.65217391,77.27777778,0.5,0.5,0.088888889,F,Anastasija Sevastova,Eugenie Bouchard,33,0.311111111,clay,french
0.021276596,0.691176471,74.31914894,71.5,0.523809524,0.476190476,0.044117647,F,Madison Keys,Petra Martic,84,0.617647059,clay,french
0.066666667,0.697674419,76.61666667,60.13043478,0.454545455,0.545454545,0.034883721,F,Petra Martic,Madison Keys,70,0.511627907,clay,french
0.034482759,0.644444444,0,0,0.543859649,0.456140351,0.022222222,F,Varvara Lepchenko,Elena Vesnina,94,0.633333333,clay,french
0.051724138,0.725,0,0,0.488372093,0.511627907,0.05,F,Elena Vesnina,Varvara Lepchenko,76,0.5375,clay,french
0.022727273,0.61971831,82.72727273,66.03846154,0.428571429,0.571428571,0.014084507,F,Carla Suarez Navarro,Sorana Cirstea,64,0.492957746,clay,french
0,0.666666667,81.77083333,70.75,0.651162791,0.348837209,0,F,Sorana Cirstea,Carla Suarez Navarro,79,0.597222222,clay,french
0,0.723404255,88.05882353,75.63636364,0.448275862,0.551724138,0.042553191,F,Marketa Vondrousova,Daria Kasatkina,53,0.617021277,clay,french
0.096774194,0.607843137,89.41935484,83.9375,0.444444444,0.555555556,0.078431373,F,Daria Kasatkina,Marketa Vondrousova,45,0.529411765,clay,french
0.027027027,0.552238806,89.18918919,61.66666667,0.514285714,0.485714286,0.044776119,F,Simona Halep,Tatjana Maria,62,0.52238806,clay,french
0.019230769,0.8,76.19230769,51.33333333,0.447368421,0.552631579,0.015384615,F,Tatjana Maria,Simona Halep,70,0.584615385,clay,french
0.034482759,0.698795181,0,0,0.454545455,0.545454545,0.012048193,F,Taylor Townsend,Su Wei Hsieh,86,0.530120482,clay,french
0.01754386,0.76,0,0,0.545454545,0.454545455,0.026666667,F,Su Wei Hsieh,Taylor Townsend,72,0.44,clay,french
0.068181818,0.511627907,81.47727273,70.68571429,0.531914894,0.468085106,0.081395349,F,Caroline Garcia,Chloe Paquet,72,0.546511628,clay,french
0.068181818,0.637681159,79.31818182,68.17391304,0.545454545,0.454545455,0.028985507,F,Chloe Paquet,Caroline Garcia,83,0.637681159,clay,french
0,0.553571429,95.25806452,78.39130435,0.52173913,0.47826087,0.035714286,F,nan,Barbora Strycova,54,0.410714286,clay,french
0,0.594202899,82.26829268,74.04347826,0.473684211,0.526315789,0.072463768,F,Barbora Strycova,nan,71,0.550724638,clay,french
0.083333333,0.489795918,87.91666667,69.95833333,0.50877193,0.49122807,0.020408163,F,Agnieszka Radwanska,Alison Van Uytvanck,89,0.581632653,clay,french
0.016129032,0.681318681,81.4516129,62.14285714,0.440677966,0.559322034,0.010989011,F,Alison Van Uytvanck,Agnieszka Radwanska,100,0.648351648,clay,french
0.058823529,0.739130435,96.10294118,87.17391304,0.480769231,0.519230769,0.010869565,F,Veronica Cepede Royg,Anastasia Pavlyuchenkova,108,0.565217391,clay,french
0.026315789,0.666666667,88.36842105,79.55882353,0.551724138,0.448275862,0.035087719,F,Anastasia Pavlyuchenkova,Veronica Cepede Royg,98,0.50877193,clay,french
0,0.663366337,0,0,0.462962963,0.537037037,0.069306931,F,Magdalena Rybarikova,Mariana Duque Marino,103,0.534653465,clay,french
0.078431373,0.5,0,0,0.471698113,0.528301887,0.049019608,F,Mariana Duque Marino,Magdalena Rybarikova,100,0.519607843,clay,french
0,0.75,73.14035088,55,0.555555556,0.444444444,0.026315789,F,Pauline Parmentier,Carina Witthoeft,87,0.592105263,clay,french
0,0.532608696,81,65.075,0.46,0.54,0.032608696,F,Carina Witthoeft,Pauline Parmentier,81,0.543478261,clay,french
0.125,0.533333333,93.10416667,73.78378378,0.490196078,0.509803922,0.055555556,F,Karolina Pliskova,Ekaterina Alexandrova,76,0.566666667,clay,french
0.104166667,0.592592593,100.6458333,85.09375,0.464285714,0.535714286,0.012345679,F,Ekaterina Alexandrova,Karolina Pliskova,95,0.691358025,clay,french
0,0.716666667,86.30232558,51.6,0.380952381,0.619047619,0.033333333,F,Jelena Ostapenko,Lesia Tsurenko,46,0.35,clay,french
0.058823529,0.34,95.82352941,71.14285714,0.6,0.4,0.1,F,Lesia Tsurenko,Jelena Ostapenko,64,0.5,clay,french
0.133333333,0.652173913,77.3,89.8125,0.52,0.48,0,F,Bethanie Mattek Sands,Samantha Stosur,61,0.543478261,clay,french
0.08,0.446428571,87.24,63.54166667,0.6,0.4,0.125,F,Samantha Stosur,Bethanie Mattek Sands,41,0.357142857,clay,french
0.087719298,0.7125,92.84210526,68.31578947,0.577777778,0.422222222,0.05,F,Catherine Bellis,Caroline Wozniacki,84,0.5625,clay,french
0,0.5625,90.46666667,74.70967742,0.463414634,0.536585366,0.05,F,Caroline Wozniacki,Catherine Bellis,76,0.5125,clay,french
0.011904762,0.717948718,84.82142857,77.60606061,0.47826087,0.52173913,0,F,Svetlana Kuznetsova,Shuai Zhang,125,0.58974359,clay,french
0.010309278,0.751937984,76.94845361,63.32142857,0.493150685,0.506849315,0.031007752,F,Shuai Zhang,Svetlana Kuznetsova,121,0.565891473,clay,french
0.045454545,0.656716418,78.22727273,62.19047619,0.487179487,0.512820513,0.029850746,F,Yulia Putintseva,nan,70,0.582089552,clay,french
0,0.636363636,78.82857143,71.05555556,0.583333333,0.416666667,0.036363636,F,nan,Yulia Putintseva,52,0.436363636,clay,french
0.054054054,0.660714286,96.54054054,79.97142857,0.441176471,0.558823529,0.026785714,F,Kristina Mladenovic,Shelby Rogers,110,0.607142857,clay,french
0.105263158,0.52293578,97.92982456,88.46153846,0.492537313,0.507462687,0.119266055,F,Shelby Rogers,Kristina Mladenovic,111,0.614678899,clay,french
0.090909091,0.536585366,104.8181818,77.58823529,0.555555556,0.444444444,0.048780488,F,Elise Mertens,Venus Williams,58,0.658536585,clay,french
0.029411765,0.62962963,99.08823529,84.73684211,0.565217391,0.434782609,0.018518519,F,Venus Williams,Elise Mertens,37,0.425925926,clay,french
0,0.659574468,75.5483871,67.86666667,0.4375,0.5625,0.021276596,F,Ons Jabeur,Timea Bacsinszky,66,0.680851064,clay,french
0.038461538,0.419354839,77.80769231,53.78787879,0.392857143,0.607142857,0.048387097,F,Timea Bacsinszky,Ons Jabeur,43,0.451612903,clay,french
0.051282051,0.6,82.48717949,55.71428571,0.531914894,0.468085106,0.076923077,F,Magda Linette,Elina Svitolina,78,0.723076923,clay,french
0.015873016,0.797468354,64.55555556,53.8,0.458333333,0.541666667,0.012658228,F,Elina Svitolina,Magda Linette,66,0.607594937,clay,french
0,0.627906977,0,0,0.470588235,0.529411765,0,F,Petra Martic,Anastasija Sevastova,28,0.395348837,clay,french
0.068965517,0.707317073,0,0,0.533333333,0.466666667,0,F,Anastasija Sevastova,Petra Martic,56,0.731707317,clay,french
0.031746032,0.636363636,86.6984127,72.33333333,0.450980392,0.549019608,0.03030303,F,Carla Suarez Navarro,Elena Vesnina,72,0.515151515,clay,french
0,0.724137931,88.78571429,79.4375,0.459459459,0.540540541,0,F,Elena Vesnina,Carla Suarez Navarro,85,0.637931034,clay,french
0,0.671641791,70.24444444,57.47058824,0.5,0.5,0.074626866,F,Simona Halep,Daria Kasatkina,50,0.417910448,clay,french
0.025,0.701754386,85.25,68.94117647,0.457142857,0.542857143,0,F,Daria Kasatkina,Simona Halep,74,0.614035088,clay,french
0,0.646017699,68.60273973,61.47222222,0.466666667,0.533333333,0.03539823,F,Caroline Garcia,Su Wei Hsieh,117,0.530973451,clay,french
0.093023256,0.682539683,84.81395349,68.15384615,0.47826087,0.52173913,0.007936508,F,Su Wei Hsieh,Caroline Garcia,122,0.547619048,clay,french
0,0.622641509,76.03030303,71.42857143,0.344827586,0.655172414,0.113207547,F,Agnieszka Radwanska,nan,62,0.547169811,clay,french
0,0.551020408,73.74074074,49.85714286,0.5625,0.4375,0.020408163,F,nan,Agnieszka Radwanska,40,0.326530612,clay,french
0,0.666666667,0,0,0.52238806,0.47761194,0.031007752,F,Mariana Duque Marino,Veronica Cepede Royg,113,0.519379845,clay,french
0,0.578947368,0,0,0.448979592,0.551020408,0.063157895,F,Veronica Cepede Royg,Mariana Duque Marino,111,0.515789474,clay,french
0,0.724137931,0,0,0.52,0.48,0.017241379,F,Karolina Pliskova,Carina Witthoeft,46,0.431034483,clay,french
0.137931034,0.537037037,0,0,0.424242424,0.575757576,0.055555556,F,Carina Witthoeft,Karolina Pliskova,66,0.611111111,clay,french
0.040816327,0.556818182,0,0,0.56,0.44,0.056818182,F,Samantha Stosur,Jelena Ostapenko,88,0.568181818,clay,french
0.075471698,0.630952381,0,0,0.586956522,0.413043478,0.047619048,F,Jelena Ostapenko,Samantha Stosur,84,0.547619048,clay,french
0.017241379,0.698795181,89.5,76.54545455,0.56,0.44,0.036144578,F,Svetlana Kuznetsova,Caroline Wozniacki,88,0.602409639,clay,french
0.018867925,0.697368421,85.11320755,68.9047619,0.526315789,0.473684211,0.026315789,F,Caroline Wozniacki,Svetlana Kuznetsova,71,0.5,clay,french
0,0.64556962,83.01960784,79.95833333,0.45,0.55,0.050632911,F,Kristina Mladenovic,nan,78,0.506329114,clay,french
0.090909091,0.5,88.77272727,75.03571429,0.52,0.48,0.181818182,F,nan,Kristina Mladenovic,89,0.568181818,clay,french
0.029850746,0.67,98.85074627,78.06896552,0.333333333,0.666666667,0.04,F,Timea Bacsinszky,Venus Williams,88,0.48,clay,french
0,0.709677419,81.22727273,67.91666667,0.528301887,0.471698113,0.032258065,F,Venus Williams,Timea Bacsinszky,105,0.569892473,clay,french
0.071428571,0.68627451,77.45714286,52.07407407,0.5,0.5,0.049019608,F,Petra Martic,Elina Svitolina,90,0.568627451,clay,french
0.019607843,0.662337662,84.74509804,69.65217391,0.555555556,0.444444444,0.038961039,F,Elina Svitolina,Petra Martic,89,0.584415584,clay,french
0,0.75,90.78787879,69.5,0.4375,0.5625,0.022727273,F,Simona Halep,Carla Suarez Navarro,36,0.363636364,clay,french
0,0.769230769,82.65,72.1,0.5,0.5,0.038461538,F,Carla Suarez Navarro,Simona Halep,60,0.615384615,clay,french
0,0.621212121,83.26829268,57.38095238,0.5,0.5,0.060606061,F,nan,Caroline Garcia,69,0.606060606,clay,french
0.028571429,0.614035088,74.22857143,64.17647059,0.571428571,0.428571429,0.087719298,F,Caroline Garcia,nan,54,0.49122807,clay,french
0.043478261,0.657142857,75.04347826,59.44444444,0.536585366,0.463414634,0.085714286,F,Karolina Pliskova,Veronica Cepede Royg,83,0.585714286,clay,french
0.075471698,0.540816327,88.75471698,67.125,0.535714286,0.464285714,0.051020408,F,Veronica Cepede Royg,Karolina Pliskova,85,0.571428571,clay,french
0,0.710526316,84.53703704,68.88888889,0.534883721,0.465116279,0.052631579,F,Caroline Wozniacki,Jelena Ostapenko,96,0.565789474,clay,french
0.01369863,0.701923077,94.71232877,77.62068966,0.450980392,0.549019608,0.019230769,F,Jelena Ostapenko,Caroline Wozniacki,84,0.490384615,clay,french
0,0.753246753,88.68965517,76.29411765,0.447368421,0.552631579,0.025974026,F,Timea Bacsinszky,Kristina Mladenovic,66,0.493506494,clay,french
0.020833333,0.705882353,77.14583333,77.57894737,0.5,0.5,0.014705882,F,Kristina Mladenovic,Timea Bacsinszky,79,0.588235294,clay,french
0.014492754,0.621621622,86.44927536,65.525,0.524590164,0.475409836,0.018018018,F,Simona Halep,Elina Svitolina,101,0.54954955,clay,french
0.025974026,0.785714286,80.93506494,71.11111111,0.5,0.5,0.030612245,F,Elina Svitolina,Simona Halep,108,0.591836735,clay,french
0.137254902,0.586206897,85.05882353,62.4375,0.490196078,0.509803922,0.045977011,F,Karolina Pliskova,Caroline Garcia,75,0.586206897,clay,french
0.14893617,0.643835616,88.34042553,78.28,0.530612245,0.469387755,0.01369863,F,Caroline Garcia,Karolina Pliskova,85,0.671232877,clay,french
0.043478261,0.616071429,82.23188406,62.05,0.472727273,0.527272727,0.026785714,F,Timea Bacsinszky,Jelena Ostapenko,106,0.491071429,clay,french
0.061538462,0.656565657,78.36923077,66.66666667,0.479166667,0.520833333,0.01010101,F,Jelena Ostapenko,Timea Bacsinszky,105,0.484848485,clay,french
0,0.76744186,83.06060606,71.26315789,0.527272727,0.472727273,0.011627907,F,Karolina Pliskova,Simona Halep,100,0.639534884,clay,french
0.112903226,0.574074074,96.08064516,83.42857143,0.492063492,0.507936508,0.037037037,F,Simona Halep,Karolina Pliskova,94,0.583333333,clay,french